Country Name,Country Code,Series Name,Series Code,2009 [YR2009],2010 [YR2010],2011 [YR2011],2012 [YR2012],2013 [YR2013],2014 [YR2014],2015 [YR2015],2016 [YR2016],2017 [YR2017],2018 [YR2018],2019 [YR2019]
Afghanistan,AFG,GDP growth (annual %),NY.GDP.MKTP.KD.ZG,21.39052841,14.36244146,0.426354793,12.75228708,5.600744661,2.724543365,1.451314655,2.260314205,2.665292046,1.030660058,..
Afghanistan,AFG,GDP per capita (current US$),NY.GDP.PCAP.CD,438.0760344,543.3030419,591.1623465,641.8720338,637.1650439,613.8563329,578.4663529,547.2281102,556.3021385,520.8966027,..
Albania,ALB,GDP growth (annual %),NY.GDP.MKTP.KD.ZG,3.350067393,3.706891433,2.545322651,1.417524408,1.001988709,1.774486771,2.21875146,3.314804753,3.821081417,4.145237936,..
Albania,ALB,GDP per capita (current US$),NY.GDP.PCAP.CD,4114.14015,4094.362119,4437.178067,4247.614279,4413.081743,4578.66672,3952.829458,4124.108907,4532.890162,5268.848504,..
Algeria,DZA,GDP growth (annual %),NY.GDP.MKTP.KD.ZG,1.6,3.6,2.9,3.4,2.8,3.8,3.7,3.2,1.3,1.4,..
Algeria,DZA,GDP per capita (current US$),NY.GDP.PCAP.CD,3883.378143,4480.724539,5455.741338,5592.326098,5499.581487,5493.02559,4177.867517,3946.421445,4044.298372,4114.715061,..
American Samoa,ASM,GDP growth (annual %),NY.GDP.MKTP.KD.ZG,-4.237288136,0.442477876,0.293685756,-4.39238653,-2.756508423,0.94488189,1.404056162,-2.769230769,-5.85443038,2.18487395,..
American Samoa,ASM,GDP per capita (current US$),NY.GDP.PCAP.CD,11961.25823,10271.22452,10294.30227,11568.793,11505.39371,11507.23235,11843.33118,11696.95556,10823.4448,11466.69071,..
Andorra,AND,GDP growth (annual %),NY.GDP.MKTP.KD.ZG,-3.69065351,-5.358825775,-4.646543052,-1.615218183,0.351645002,2.277683153,0.842203518,1.889124387,1.724022237,1.629345471,..
Andorra,AND,GDP per capita (current US$),NY.GDP.PCAP.CD,43338.86676,39736.35406,41100.72994,38392.9439,40626.75163,42300.33413,36039.6535,37224.10892,39134.39337,42029.76274,..
Angola,AGO,GDP growth (annual %),NY.GDP.MKTP.KD.ZG,0.858712615,4.859219584,3.471981372,8.542147337,4.954590478,4.822625549,0.943575613,-2.58009724,-0.147207426,-2.133493257,..
Angola,AGO,GDP per capita (current US$),NY.GDP.PCAP.CD,3122.780766,3587.883798,4615.468028,5100.095808,5254.882338,5408.410496,4166.979684,3506.072885,4095.812942,3432.385736,..
Antigua and Barbuda,ATG,GDP growth (annual %),NY.GDP.MKTP.KD.ZG,-12.10753619,-7.574357218,-1.958612628,3.3728662,-0.600876397,3.795727613,3.825293099,5.497788456,3.145543603,7.389197162,..
Antigua and Barbuda,ATG,GDP per capita (current US$),NY.GDP.PCAP.CD,14113.07726,13049.25705,12746.20502,13272.44133,12909.74418,13501.58092,14286.09316,15197.61746,15383.41519,16726.98081,..
Argentina,ARG,GDP growth (annual %),NY.GDP.MKTP.KD.ZG,-5.918525076,10.12539816,6.003951693,-1.026420454,2.405323781,-2.512615321,2.731159828,-2.080327844,2.668590379,-2.481792445,..
Argentina,ARG,GDP per capita (current US$),NY.GDP.PCAP.CD,8225.137176,10385.96443,12848.8642,13082.66433,13080.25473,12334.79825,13789.06042,12790.24247,14591.86338,11683.94962,..
Armenia,ARM,GDP growth (annual %),NY.GDP.MKTP.KD.ZG,-14.14998864,2.199999998,4.699999999,7.200000004,3.3,3.600000001,3.199999999,0.2,7.500000002,5.2,..
Armenia,ARM,GDP per capita (current US$),NY.GDP.PCAP.CD,2994.342544,3218.372707,3525.804747,3681.857456,3838.185801,3986.231624,3607.296697,3591.829276,3914.501268,4212.070943,..
Aruba,ABW,GDP growth (annual %),NY.GDP.MKTP.KD.ZG,-10.51974761,-3.685029581,3.44605475,-1.369863014,4.198232323,0.84822781,-0.450585761,-0.211225106,1.330511037,..,..
Aruba,ABW,GDP per capita (current US$),NY.GDP.PCAP.CD,24630.45371,23512.6026,24985.99328,24713.69805,25025.09956,25533.56978,25796.38025,25239.60041,25630.26649,..,..
Australia,AUS,GDP growth (annual %),NY.GDP.MKTP.KD.ZG,1.93692177,2.067465677,2.462786173,3.918161772,2.584875111,2.533115447,2.192640028,2.770656693,2.367617253,2.940333582,..
Australia,AUS,GDP per capita (current US$),NY.GDP.PCAP.CD,42772.35917,52022.1256,62517.83375,68012.1479,68150.10704,62510.79117,56755.72171,49971.13146,54066.47127,57373.68668,..
Austria,AUT,GDP growth (annual %),NY.GDP.MKTP.KD.ZG,-3.764578178,1.837093677,2.922797284,0.680445577,0.025504712,0.661272849,1.014501586,2.082608428,2.476443921,2.419763638,..
Austria,AUT,GDP per capita (current US$),NY.GDP.PCAP.CD,47963.1794,46858.04327,51374.95841,48567.69529,50716.70871,51717.49594,44178.04738,45237.80509,47431.63061,51461.95478,..
Azerbaijan,AZE,GDP growth (annual %),NY.GDP.MKTP.KD.ZG,9.369502784,4.78883271,-1.572997621,2.202939023,5.84267327,2.797289382,1.050750982,-3.064200035,-0.282011197,1.412873527,..
Azerbaijan,AZE,GDP per capita (current US$),NY.GDP.PCAP.CD,4950.294791,5842.805784,7189.691229,7496.294648,7875.756953,7891.313147,5500.320497,3880.738731,4147.089716,4721.178087,..
"Bahamas, The",BHS,GDP growth (annual %),NY.GDP.MKTP.KD.ZG,-4.175260401,1.538777407,0.612897452,3.086879177,-2.952095607,0.736540805,0.5975763,0.446254968,0.066664463,1.565759936,..
"Bahamas, The",BHS,GDP per capita (current US$),NY.GDP.PCAP.CD,28552.19048,28443.40766,28006.37972,29485.62093,28768.02989,29445.03053,31405.96356,31588.835,31827.2427,32217.87159,..
Bahrain,BHR,GDP growth (annual %),NY.GDP.MKTP.KD.ZG,2.540515119,4.336776264,1.983515012,3.728209851,5.416834514,4.350294067,2.863047304,3.473516575,3.803522262,1.776728358,..
Bahrain,BHR,GDP per capita (current US$),NY.GDP.PCAP.CD,19355.90467,20722.13729,22514.25875,23654.37185,24744.35763,24989.38021,22688.96379,22619.11667,23715.48275,24050.75751,..
Bangladesh,BGD,GDP growth (annual %),NY.GDP.MKTP.KD.ZG,5.045124794,5.571802274,6.46438388,6.521435078,6.013610365,6.061059359,6.552652796,7.113489474,7.284184092,7.863708893,..
Bangladesh,BGD,GDP per capita (current US$),NY.GDP.PCAP.CD,702.26441,781.1535936,861.7584443,883.1050005,981.8398792,1118.853663,1248.453398,1401.620628,1563.994082,1698.262802,..
Barbados,BRB,GDP growth (annual %),NY.GDP.MKTP.KD.ZG,-4.859256215,-2.170391966,-0.794701987,-0.066755674,-1.369405478,-0.169319336,2.204884668,2.279013165,-0.173066522,-0.498428866,..
Barbados,BRB,GDP per capita (current US$),NY.GDP.PCAP.CD,15886.13929,16056.11684,16459.05801,16249.89778,16452.03696,16488.52576,16561.87352,16936.90604,17431.60292,17949.28151,..
Belarus,BLR,GDP growth (annual %),NY.GDP.MKTP.KD.ZG,0.19999531,7.798266823,5.37870745,1.687135536,1.003470841,1.726384854,-3.829570558,-2.526446436,2.5321835,3.04990555,..
Belarus,BLR,GDP per capita (current US$),NY.GDP.PCAP.CD,5351.355382,6181.399916,6519.230195,6940.159254,7978.872615,8318.51269,5949.106307,5022.626643,5761.74712,6289.938553,..
Belgium,BEL,GDP growth (annual %),NY.GDP.MKTP.KD.ZG,-2.020725816,2.864285327,1.694497446,0.739229905,0.45922805,1.57852323,2.032788973,1.511106034,1.964192755,1.458405353,..
Belgium,BEL,GDP per capita (current US$),NY.GDP.PCAP.CD,44583.54481,44141.87814,47348.52502,44673.11588,46744.66254,47700.54036,40991.80814,42012.0999,44219.562,47518.63604,..
Belize,BLZ,GDP growth (annual %),NY.GDP.MKTP.KD.ZG,0.670801477,3.383471706,2.162606822,2.937812628,0.851934628,3.692371465,3.431950484,-0.58802365,1.437288946,3.035403657,..
Belize,BLZ,GDP per capita (current US$),NY.GDP.PCAP.CD,4243.433284,4270.799647,4423.490439,4505.62068,4568.542051,4705.610045,4775.915077,4818.404394,4887.55982,4884.742421,..
Benin,BEN,GDP growth (annual %),NY.GDP.MKTP.KD.ZG,2.32930121,2.110199297,2.962750351,4.816478241,7.189716312,6.351831941,2.095808383,3.96485991,5.837823305,6.858002271,..
Benin,BEN,GDP per capita (current US$),NY.GDP.PCAP.CD,793.4522526,758.4350829,827.0226108,837.8949968,915.5758164,944.931653,784.2784072,789.0849152,829.4788028,901.5438712,..
Bermuda,BMU,GDP growth (annual %),NY.GDP.MKTP.KD.ZG,-5.284177149,-2.094113534,-3.33949441,-4.834540171,-2.511154431,..,..,..,..,..,..
Bermuda,BMU,GDP per capita (current US$),NY.GDP.PCAP.CD,88463.31282,88207.32756,85973.15842,85458.45551,85748.06541,..,..,..,..,..,..
Bhutan,BTN,GDP growth (annual %),NY.GDP.MKTP.KD.ZG,6.748333764,11.94589599,7.982617054,5.118400862,2.119972769,5.776495541,6.642232227,8.127033384,4.651834826,3.027640595,..
Bhutan,BTN,GDP per capita (current US$),NY.GDP.PCAP.CD,1819.213402,2258.183141,2563.257526,2538.945899,2472.714309,2652.214588,2752.664208,2930.562988,3286.574704,3243.231125,..
Bolivia,BOL,GDP growth (annual %),NY.GDP.MKTP.KD.ZG,3.357001259,4.126719369,5.204095947,5.122274661,6.796011706,5.460567154,4.857188015,4.263919504,4.195209367,4.223624932,..
Bolivia,BOL,GDP per capita (current US$),NY.GDP.PCAP.CD,1754.211061,1955.461557,2346.33717,2609.880819,2908.200085,3081.878834,3035.972215,3076.658949,3351.124053,3548.59014,..
Bosnia and Herzegovina,BIH,GDP growth (annual %),NY.GDP.MKTP.KD.ZG,-3.002752537,0.767248702,0.908249218,-0.699622321,2.351036504,1.148034196,3.088222848,3.145651329,2.127645789,3.62354616,..
Bosnia and Herzegovina,BIH,GDP per capita (current US$),NY.GDP.PCAP.CD,4714.702495,4635.517779,5092.551943,4778.636088,5131.394506,5329.635045,4727.277381,4994.68314,5394.59122,6065.672708,..
Botswana,BWA,GDP growth (annual %),NY.GDP.MKTP.KD.ZG,-7.652310203,8.563631748,6.048316367,4.456167213,11.34342425,4.149289893,-1.697965616,4.303737457,2.907531122,4.453584566,..
Botswana,BWA,GDP per capita (current US$),NY.GDP.PCAP.CD,5255.768461,6434.815657,7617.325094,7877.79035,7224.965172,7780.638385,6799.875234,7243.852997,7893.210108,8258.641666,..
Brazil,BRA,GDP growth (annual %),NY.GDP.MKTP.KD.ZG,-0.125811999,7.52822583,3.974425406,1.921150318,3.004865355,0.50396179,-3.545871574,-3.305358252,1.063832555,1.11758735,..
Brazil,BRA,GDP per capita (current US$),NY.GDP.PCAP.CD,8597.915352,11286.24302,13245.6125,12370.0242,12300.32258,12112.5903,8814.000987,8712.887044,9880.946543,8920.762105,..
British Virgin Islands,VGB,GDP growth (annual %),NY.GDP.MKTP.KD.ZG,..,..,..,..,..,..,..,..,..,..,..
British Virgin Islands,VGB,GDP per capita (current US$),NY.GDP.PCAP.CD,..,..,..,..,..,..,..,..,..,..,..
Brunei Darussalam,BRN,GDP growth (annual %),NY.GDP.MKTP.KD.ZG,-1.764535541,2.598965746,3.745318352,0.912841671,-2.126028517,-2.34974675,-0.566814609,-2.465514923,1.328602552,0.052237791,..
Brunei Darussalam,BRN,GDP per capita (current US$),NY.GDP.PCAP.CD,27955.71386,35269.55311,47055.84112,47741.90647,44740.08502,41726.78397,31164.56203,27157.82341,28572.14678,31628.32879,..
Bulgaria,BGR,GDP growth (annual %),NY.GDP.MKTP.KD.ZG,-3.586145625,1.324087801,1.914905853,0.030969869,0.493921421,1.837521148,3.471186041,3.936758149,3.811248158,3.081157234,..
Bulgaria,BGR,GDP per capita (current US$),NY.GDP.PCAP.CD,6969.558557,6843.26695,7813.806692,7378.02473,7646.839866,7864.760672,6993.783483,7469.455638,8228.01157,9272.629304,..
Burkina Faso,BFA,GDP growth (annual %),NY.GDP.MKTP.KD.ZG,2.962014371,5.373373126,6.626865192,6.452698755,5.792589317,4.326837357,3.894548057,5.906024993,6.34991812,6.832388103,..
Burkina Faso,BFA,GDP per capita (current US$),NY.GDP.PCAP.CD,552.7455886,575.4464527,666.8401198,673.8215984,699.7794056,703.8200556,575.3144542,582.7954443,642.4298387,715.122904,..
Burundi,BDI,GDP growth (annual %),NY.GDP.MKTP.KD.ZG,3.812746937,5.124163303,4.032602496,4.446708222,4.924195261,4.240651644,-3.900003086,-0.600020001,0.500009999,1.609933082,..
Burundi,BDI,GDP per capita (current US$),NY.GDP.PCAP.CD,212.1368804,234.2356469,249.5779794,252.3589799,256.9760028,274.8579479,305.5497728,282.1931304,292.9976307,271.7520444,..
Cabo Verde,CPV,GDP growth (annual %),NY.GDP.MKTP.KD.ZG,-1.270425968,1.466790097,3.968886345,1.081918279,0.802797601,0.611212666,1.006863707,4.705791509,3.702039188,5.077550829,..
Cabo Verde,CPV,GDP per capita (current US$),NY.GDP.PCAP.CD,3517.401245,3378.25486,3740.389099,3447.524041,3615.979041,3588.674054,3043.013984,3130.982229,3292.645755,3635.40685,..
Cambodia,KHM,GDP growth (annual %),NY.GDP.MKTP.KD.ZG,0.086696959,5.963078575,7.069569946,7.313345505,7.356665149,7.142571101,7.036087179,7.030966776,7.01503011,7.497963508,..
Cambodia,KHM,GDP per capita (current US$),NY.GDP.PCAP.CD,738.0547836,785.5022829,882.2754926,950.880346,1013.420401,1093.496191,1162.90492,1278.631062,1385.458363,1510.324871,..
Cameroon,CMR,GDP growth (annual %),NY.GDP.MKTP.KD.ZG,2.198664102,3.422507641,4.129277161,4.543265016,5.40426571,5.884059327,5.651463744,4.648481551,3.549087318,4.062405319,..
Cameroon,CMR,GDP per capita (current US$),NY.GDP.PCAP.CD,1314.706015,1285.261726,1403.255638,1354.623087,1465.222327,1540.568182,1326.969277,1363.403851,1421.587492,1533.74214,..
Canada,CAN,GDP growth (annual %),NY.GDP.MKTP.KD.ZG,-2.928400179,3.089494641,3.146881364,1.762278244,2.330174773,2.868453971,0.689906522,1.107099385,2.978565954,1.896974756,..
Canada,CAN,GDP per capita (current US$),NY.GDP.PCAP.CD,40773.06153,47450.31847,52101.79609,52542.34666,52504.6557,50835.51118,43495.05439,42279.90082,45069.92725,46232.98962,..
Cayman Islands,CYM,GDP growth (annual %),NY.GDP.MKTP.KD.ZG,-7.200482447,-2.715635262,1.169062198,1.229753657,1.27933102,2.654527985,2.833122226,3.096282182,3.039349203,..,..
Cayman Islands,CYM,GDP per capita (current US$),NY.GDP.PCAP.CD,77398.01584,73350.78482,72328.41164,72783.32044,73515.89532,74990.43322,76280.48625,78296.09993,81124.51348,..,..
Central African Republic,CAF,GDP growth (annual %),NY.GDP.MKTP.KD.ZG,8.587260426,4.630818432,4.194615337,5.053761254,-36.3919771,0.081070515,4.33712103,4.750316841,4.527278213,3.789443593,..
Central African Republic,CAF,GDP per capita (current US$),NY.GDP.PCAP.CD,474.7054087,487.9453833,551.0280576,565.8330584,380.1900917,423.8841246,377.2712538,401.9182384,449.7864235,475.7212505,..
Chad,TCD,GDP growth (annual %),NY.GDP.MKTP.KD.ZG,4.217695552,13.55010086,0.082869798,8.882576072,5.700001363,6.899985045,2.767675685,-6.255527085,-2.988695986,2.641330034,..
Chad,TCD,GDP per capita (current US$),NY.GDP.PCAP.CD,800.4642249,891.6988174,983.4472327,967.408126,979.5339592,1018.930956,775.7075235,692.9785958,664.3033157,728.3432354,..
Channel Islands,CHI,GDP growth (annual %),NY.GDP.MKTP.KD.ZG,..,..,..,..,..,..,..,..,..,..,..
Channel Islands,CHI,GDP per capita (current US$),NY.GDP.PCAP.CD,..,..,..,..,..,..,..,..,..,..,..
Chile,CHL,GDP growth (annual %),NY.GDP.MKTP.KD.ZG,-1.564239443,5.844177296,6.110918829,5.318628,4.045004298,1.766739784,2.303767036,1.670540173,1.279183341,4.024652965,..
Chile,CHL,GDP per capita (current US$),NY.GDP.PCAP.CD,10208.90676,12808.03459,14637.24024,15351.55133,15842.94081,14670.99676,13574.17183,13748.08766,15037.35028,15923.35874,..
China,CHN,GDP growth (annual %),NY.GDP.MKTP.KD.ZG,9.399813171,10.63614046,9.55091409,7.859627493,7.768615284,7.299518921,6.90531667,6.736675253,6.757007611,6.56697386,..
China,CHN,GDP per capita (current US$),NY.GDP.PCAP.CD,3832.235952,4550.453596,5618.132491,6316.918863,7050.64592,7651.366044,8033.388043,8078.790474,8759.041578,9770.847088,..
Colombia,COL,GDP growth (annual %),NY.GDP.MKTP.KD.ZG,1.205422095,4.347553268,7.362530914,3.903054219,4.566869773,4.728312246,2.955945907,2.087382502,1.351326676,2.569220988,..
Colombia,COL,GDP per capita (current US$),NY.GDP.PCAP.CD,5195.393376,6326.549469,7324.383286,8042.529769,8212.667829,8114.084264,6175.87603,5871.223524,6375.932063,6667.7907,..
Comoros,COM,GDP growth (annual %),NY.GDP.MKTP.KD.ZG,3.200113112,3.799933455,4.099846955,3.200272903,4.499874215,2.100006438,1.116140583,3.320680025,3.815702113,3.430764136,..
Comoros,COM,GDP per capita (current US$),NY.GDP.PCAP.CD,1339.337191,1315.214806,1446.068018,1403.428519,1504.920859,1511.816083,1242.102885,1272.193943,1320.541867,1415.263622,..
"Congo, Dem. Rep.",COD,GDP growth (annual %),NY.GDP.MKTP.KD.ZG,2.85506401,7.107976576,6.87467089,7.086898947,8.481956636,9.470288097,6.91618781,2.399379098,3.726947653,5.757932738,..
"Congo, Dem. Rep.",COD,GDP per capita (current US$),NY.GDP.PCAP.CD,298.6196821,334.0215726,387.0824654,424.6003861,457.9637283,486.7870819,497.3169608,471.3188404,467.0742375,561.7771824,..
"Congo, Rep.",COG,GDP growth (annual %),NY.GDP.MKTP.KD.ZG,7.468942484,8.751601459,3.420665681,3.799971313,3.440705249,6.779916158,2.646485877,-2.800018788,-3.1,1.025554207,..
"Congo, Rep.",COG,GDP per capita (current US$),NY.GDP.PCAP.CD,2314.266025,2809.694957,3282.393455,3032.667329,3047.064589,2992.931349,1761.32357,1814.063418,1702.571349,2147.769461,..
Costa Rica,CRI,GDP growth (annual %),NY.GDP.MKTP.KD.ZG,-0.970548313,4.951863844,4.30710166,4.796919919,2.2690274,3.515338564,3.631731442,4.245989878,3.397181701,2.633984968,..
Costa Rica,CRI,GDP per capita (current US$),NY.GDP.PCAP.CD,6760.477515,8141.913127,9121.932518,9913.209959,10490.08133,10547.15186,11299.13554,11666.45591,11752.5434,12027.36588,..
Cote d'Ivoire,CIV,GDP growth (annual %),NY.GDP.MKTP.KD.ZG,3.251453719,2.017638592,-4.387254788,10.7065041,8.889421302,8.79407739,8.84285995,7.971751186,7.702089422,7.433071625,..
Cote d'Ivoire,CIV,GDP per capita (current US$),NY.GDP.PCAP.CD,1210.295426,1211.930338,1207.001434,1243.344597,1415.469385,1559.386504,1426.457864,1481.652231,1557.182814,1715.531332,..
Croatia,HRV,GDP growth (annual %),NY.GDP.MKTP.KD.ZG,-7.359498022,-1.496259495,-0.309847287,-2.237705463,-0.548518694,-0.103868249,2.437139302,3.483525422,3.139195999,2.630785623,..
Croatia,HRV,GDP per capita (current US$),NY.GDP.PCAP.CD,14555.98765,13923.63705,14566.62973,13238.11795,13642.19778,13600.18618,11782.90255,12360.47326,13412.34195,14909.69319,..
Cuba,CUB,GDP growth (annual %),NY.GDP.MKTP.KD.ZG,1.451305431,2.390352297,2.802300836,3.014900289,2.747602563,1.047576632,4.438141959,0.513761468,1.809054399,2.248480393,..
Cuba,CUB,GDP per capita (current US$),NY.GDP.PCAP.CD,5529.67036,5730.354775,6139.71933,6497.321113,6837.712892,7133.342095,7694.01192,8060.795886,8541.210673,8821.818891,..
Curacao,CUW,GDP growth (annual %),NY.GDP.MKTP.KD.ZG,-0.53130945,0.08230596,0.612608577,-0.138917069,-0.794106769,-1.138838621,0.278694931,-0.986569701,-1.73976542,-2.166132047,..
Curacao,CUW,GDP per capita (current US$),NY.GDP.PCAP.CD,..,..,20146.38641,20587.39736,20462.71795,20258.00969,19951.3279,19555.36585,19457.53152,19567.89244,..
Cyprus,CYP,GDP growth (annual %),NY.GDP.MKTP.KD.ZG,-2.015262359,2.014695707,0.401437941,-3.446822086,-6.553078255,-1.863739818,3.374687062,6.746583679,4.361228837,4.060191762,..
Cyprus,CYP,GDP per capita (current US$),NY.GDP.PCAP.CD,32105.86748,30818.47993,32233.64339,28984.94455,27942.30127,27407.15286,23217.48415,24019.13787,25760.7627,28159.3017,..
Czech Republic,CZE,GDP growth (annual %),NY.GDP.MKTP.KD.ZG,-4.802572092,2.273420054,1.777833186,-0.799844281,-0.483671042,2.715116133,5.309238518,2.450542386,4.35260352,2.957784473,..
Czech Republic,CZE,GDP per capita (current US$),NY.GDP.PCAP.CD,19741.59763,19808.07109,21717.45794,19729.87051,19916.01939,19744.55861,17715.61685,18463.38658,20379.89604,23078.57349,..
Denmark,DNK,GDP growth (annual %),NY.GDP.MKTP.KD.ZG,-4.906547729,1.87099111,1.336777778,0.226499797,0.933340957,1.619393817,2.34259043,3.245957666,2.036165206,2.391329685,..
Denmark,DNK,GDP per capita (current US$),NY.GDP.PCAP.CD,58163.27688,58041.39844,61753.64713,58507.50805,61191.1937,62548.98473,53254.856,54663.99837,57141.05984,61350.34791,..
Djibouti,DJI,GDP growth (annual %),NY.GDP.MKTP.KD.ZG,..,..,..,..,..,7.061543242,7.675070086,6.918584624,5.076899643,5.460190759,..
Djibouti,DJI,GDP per capita (current US$),NY.GDP.PCAP.CD,1267.312801,1343.26873,1451.54298,1559.240651,2312.728803,2466.018332,2675.605374,2818.376856,2930.703172,3082.543099,..
Dominica,DMA,GDP growth (annual %),NY.GDP.MKTP.KD.ZG,-1.169757154,0.672542759,-0.22367684,-1.058786064,-0.999781098,4.447947365,-2.691108924,2.556494913,-6.79942797,2.264570234,..
Dominica,DMA,GDP per capita (current US$),NY.GDP.PCAP.CD,6902.85717,6967.24523,7065.052968,6848.418234,7016.676471,7318.103783,7596.435062,8080.968623,7274.721333,7691.345097,..
Dominican Republic,DOM,GDP growth (annual %),NY.GDP.MKTP.KD.ZG,0.94615517,8.339651056,3.133423005,2.7173679,4.875205089,7.05046369,6.927018774,6.659200262,4.666704676,6.982527584,..
Dominican Republic,DOM,GDP per capita (current US$),NY.GDP.PCAP.CD,5039.407423,5555.390949,5913.434422,6110.369521,6238.133097,6608.832257,6921.517371,7280.873164,7609.345492,8050.631602,..
Ecuador,ECU,GDP growth (annual %),NY.GDP.MKTP.KD.ZG,0.566491592,3.525298669,7.868140919,5.641962067,4.946511267,3.788868549,0.098872608,-1.226383985,2.368386526,1.37712703,..
Ecuador,ECU,GDP per capita (current US$),NY.GDP.PCAP.CD,4231.615798,4633.590358,5200.55579,5682.045007,6056.330827,6377.09153,6124.491643,6060.093329,6213.501276,6344.871979,..
"Egypt, Arab Rep.",EGY,GDP growth (annual %),NY.GDP.MKTP.KD.ZG,4.6735998,5.147234859,1.764571949,2.226199797,2.185466055,2.915911879,4.372019079,4.346643453,4.181221001,5.314121037,..
"Egypt, Arab Rep.",EGY,GDP per capita (current US$),NY.GDP.PCAP.CD,2329.23948,2644.817039,2791.954962,3232.648892,3264.378787,3378.831358,3598.970948,3525.020165,2440.510173,2549.132252,..
El Salvador,SLV,GDP growth (annual %),NY.GDP.MKTP.KD.ZG,-2.086120492,2.104283203,3.817056396,2.815501822,2.232142857,1.710709945,2.398973133,2.50702399,2.306557031,2.538949798,..
El Salvador,SLV,GDP per capita (current US$),NY.GDP.PCAP.CD,2858.47963,2983.242708,3266.045875,3428.384736,3509.53628,3588.965943,3705.540002,3800.103302,3902.242318,4058.252439,..
Equatorial Guinea,GNQ,GDP growth (annual %),NY.GDP.MKTP.KD.ZG,1.343356288,-8.924175889,6.52392363,8.312871844,-4.133198501,0.415066302,-9.110041149,-8.816417232,-4.685683868,-6.128749289,..
Equatorial Guinea,GNQ,GDP per capita (current US$),NY.GDP.PCAP.CD,16667.93682,17272.00977,21613.54923,21712.39502,20384.92453,19368.23091,11278.92894,9244.051798,9738.434224,10261.76001,..
Eritrea,ERI,GDP growth (annual %),NY.GDP.MKTP.KD.ZG,3.87650156,2.194190545,8.679799936,..,..,..,..,..,..,..,..
Eritrea,ERI,GDP per capita (current US$),NY.GDP.PCAP.CD,595.1099872,667.7441778,811.3760286,..,..,..,..,..,..,..,..
Estonia,EST,GDP growth (annual %),NY.GDP.MKTP.KD.ZG,-14.43386864,2.706902753,7.441584819,3.110234555,1.346187836,2.987325819,1.84488518,2.631567906,5.748802092,4.761158469,..
Estonia,EST,GDP per capita (current US$),NY.GDP.PCAP.CD,14794.97079,14784.38108,17624.04414,17534.42154,19174.10073,20367.10266,17522.23019,18237.29584,20337.84973,23266.34627,..
Eswatini,SWZ,GDP growth (annual %),NY.GDP.MKTP.KD.ZG,1.565048937,3.793754698,2.247230019,5.391309223,3.862271875,0.913196469,2.312465693,1.26829648,2.024962849,2.35100982,..
Eswatini,SWZ,GDP per capita (current US$),NY.GDP.PCAP.CD,3385.842921,4168.505183,4496.60038,4527.668982,4230.344051,4038.55723,3689.518704,3447.695698,3953.08897,4145.974112,..
Ethiopia,ETH,GDP growth (annual %),NY.GDP.MKTP.KD.ZG,8.802553198,12.55053835,11.17829623,8.647811633,10.58227005,10.25749296,10.39246302,9.433482658,9.503858571,6.810169391,..
Ethiopia,ETH,GDP per capita (current US$),NY.GDP.PCAP.CD,380.5690479,341.5541149,354.4795758,467.0779272,499.5315721,566.9264665,640.5418913,717.1245929,768.4250255,772.3135303,..
Faroe Islands,FRO,GDP growth (annual %),NY.GDP.MKTP.KD.ZG,..,..,..,..,..,..,..,..,..,..,..
Faroe Islands,FRO,GDP per capita (current US$),NY.GDP.PCAP.CD,47447.87004,48530.23385,52083.88914,49459.71723,54853.6256,59440.03076,52404.65933,55822.91472,..,..,..
Fiji,FJI,GDP growth (annual %),NY.GDP.MKTP.KD.ZG,-1.386037708,2.954672422,2.705143029,1.411314382,4.73421949,5.603514887,4.663807838,2.509785497,5.425740314,3.526209372,..
Fiji,FJI,GDP per capita (current US$),NY.GDP.PCAP.CD,3362.816555,3652.527437,4371.45751,4591.555784,4840.693716,5605.570331,5390.745237,5651.318055,6101.030839,6266.967965,..
Finland,FIN,GDP growth (annual %),NY.GDP.MKTP.KD.ZG,-8.074615574,3.185911569,2.547530321,-1.39735454,-0.902018494,-0.364940286,0.560595415,2.627998449,3.05128111,1.671438881,..
Finland,FIN,GDP per capita (current US$),NY.GDP.PCAP.CD,47293.99283,46459.97325,51081.99767,47710.79022,49878.04324,50260.29986,42811.21299,43777.44009,46191.93116,50152.34014,..
France,FRA,GDP growth (annual %),NY.GDP.MKTP.KD.ZG,-2.873313852,1.949437633,2.192700652,0.313134742,0.576326679,0.956183048,1.112912341,1.095464395,2.260202721,1.724880627,..
France,FRA,GDP per capita (current US$),NY.GDP.PCAP.CD,41575.41875,40638.334,43790.73205,40874.70351,42592.93409,43008.64738,36613.37522,36962.22229,38679.12715,41463.64402,..
French Polynesia,PYF,GDP growth (annual %),NY.GDP.MKTP.KD.ZG,..,..,..,..,..,..,..,..,..,..,..
French Polynesia,PYF,GDP per capita (current US$),NY.GDP.PCAP.CD,..,..,..,..,..,..,..,..,..,..,..
Gabon,GAB,GDP growth (annual %),NY.GDP.MKTP.KD.ZG,0.13033112,7.089887315,7.091753343,5.251076918,5.638699003,4.314964441,3.878899395,2.091442208,0.479762271,0.835804969,..
Gabon,GAB,GDP per capita (current US$),NY.GDP.PCAP.CD,7690.052235,8840.730664,10795.50058,9814.038992,9680.824339,9650.574376,7381.746749,6979.709196,7212.535744,7952.525893,..
"Gambia, The",GMB,GDP growth (annual %),NY.GDP.MKTP.KD.ZG,6.665724308,5.90833581,-8.130444223,5.241569246,2.87276879,-1.407382495,4.058073804,1.943359655,4.822611249,6.547026565,..
"Gambia, The",GMB,GDP per capita (current US$),NY.GDP.PCAP.CD,833.2804027,860.6378737,762.7610541,742.7811378,700.514972,607.4284041,660.7235712,682.7180203,679.7773326,716.118489,..
Georgia,GEO,GDP growth (annual %),NY.GDP.MKTP.KD.ZG,-3.650513994,6.249487789,7.4,6.4,3.6,4.4,3,2.9,4.8,4.8,..
Georgia,GEO,GDP per capita (current US$),NY.GDP.PCAP.CD,2822.66743,3233.295943,4021.743306,4421.818242,4623.729554,4739.203565,4014.185944,4062.169888,4357.011625,4717.143026,..
Germany,DEU,GDP growth (annual %),NY.GDP.MKTP.KD.ZG,-5.697151628,4.178969038,3.924133418,0.41955108,0.428243262,2.225688749,1.739749823,2.229999967,2.465030029,1.527446298,..
Germany,DEU,GDP per capita (current US$),NY.GDP.PCAP.CD,41485.90165,41531.9342,46644.77603,43858.36306,46285.76407,47959.99327,41139.54457,42098.92045,44240.04411,47603.02763,..
Ghana,GHA,GDP growth (annual %),NY.GDP.MKTP.KD.ZG,4.844486998,7.899711889,14.04712363,9.292789405,7.312525007,2.897438837,2.178206744,3.447792991,8.143446549,6.263480732,..
Ghana,GHA,GDP per capita (current US$),NY.GDP.PCAP.CD,1074.75538,1298.436952,1558.482133,1613.286837,2378.159513,1968.858263,1766.005701,1931.38947,2025.885857,2202.312164,..
Gibraltar,GIB,GDP growth (annual %),NY.GDP.MKTP.KD.ZG,..,..,..,..,..,..,..,..,..,..,..
Gibraltar,GIB,GDP per capita (current US$),NY.GDP.PCAP.CD,..,..,..,..,..,..,..,..,..,..,..
Greece,GRC,GDP growth (annual %),NY.GDP.MKTP.KD.ZG,-4.300733661,-5.479037102,-9.13249413,-7.300493961,-3.241425056,0.739777139,-0.437833938,-0.190952296,1.505099339,1.934370827,..
Greece,GRC,GDP per capita (current US$),NY.GDP.PCAP.CD,29710.9703,26917.75898,25916.29353,22242.68193,21874.8195,21760.9798,18167.77372,18116.45962,18883.46007,20324.25356,..
Greenland,GRL,GDP growth (annual %),NY.GDP.MKTP.KD.ZG,0.865952329,1.735825059,-0.496519392,1.39419336,-1.298280693,4.742135673,-2.529318024,4.68195411,0.468546638,3.218027331,..
Greenland,GRL,GDP per capita (current US$),NY.GDP.PCAP.CD,44918.56488,43988.33249,47186.98147,45936.76595,47535.58995,50484.92757,44536.40131,48181.87419,..,..,..
Grenada,GRD,GDP growth (annual %),NY.GDP.MKTP.KD.ZG,-6.613281348,-0.511262754,0.764976824,-1.155143735,2.351418773,7.344076522,6.443143733,3.735614132,4.459048241,4.17721519,..
Grenada,GRD,GDP per capita (current US$),NY.GDP.PCAP.CD,7290.6971,7257.756622,7291.058897,7444.504768,7789.776381,8369.886755,9096.870646,9628.347487,10163.62985,10640.49676,..
Guam,GUM,GDP growth (annual %),NY.GDP.MKTP.KD.ZG,0.314729333,2.091612633,0.12292563,2.025782689,1.825110309,1.733307071,0.464666021,0.289073039,0.24980784,-0.26835346,..
Guam,GUM,GDP per capita (current US$),NY.GDP.PCAP.CD,30026.50321,30700.43401,30859.40435,32494.56236,33265.38119,34394.09748,35278.92594,35562.83791,35615.80463,35712.56214,..
Guatemala,GTM,GDP growth (annual %),NY.GDP.MKTP.KD.ZG,0.526042983,2.869487756,4.16204894,2.969857401,3.697585601,4.174169137,4.140044358,3.092482558,2.760334857,3.145043317,..
Guatemala,GTM,GDP per capita (current US$),NY.GDP.PCAP.CD,2635.716443,2825.483963,3187.866203,3299.665605,3452.922,3687.836951,3923.573344,4140.589826,4470.609994,4549.010081,..
Guinea,GIN,GDP growth (annual %),NY.GDP.MKTP.KD.ZG,-1.122641858,4.813362961,5.61210719,5.915288139,3.945685431,3.696541182,3.825922386,10.82062122,10.30000083,6.163853325,..
Guinea,GIN,GDP per capita (current US$),NY.GDP.PCAP.CD,674.0855502,672.4244026,651.1353635,717.0507379,769.0039433,787.2380702,769.2560137,732.9621726,855.5736399,878.5996133,..
Guinea-Bissau,GNB,GDP growth (annual %),NY.GDP.MKTP.KD.ZG,3.368974958,4.6109709,8.084779734,-1.712683012,3.255904265,0.964560751,6.134082941,6.262805638,5.919176626,3.799999992,..
Guinea-Bissau,GNB,GDP per capita (current US$),NY.GDP.PCAP.CD,557.1716148,557.6321326,702.7428804,616.4116862,634.482446,622.4817167,603.1585129,661.0076549,736.7255662,777.9699218,..
Guyana,GUY,GDP growth (annual %),NY.GDP.MKTP.KD.ZG,3.552158264,4.13856435,5.196059258,5.276422643,5.017724952,3.898243206,3.05486454,3.363216124,2.100003391,4.10000155,..
Guyana,GUY,GDP per capita (current US$),NY.GDP.PCAP.CD,2756.819889,3033.247725,3425.436441,3788.146749,3934.865262,4031.600662,4166.128516,4542.622067,4586.054572,4979.002188,..
Haiti,HTI,GDP growth (annual %),NY.GDP.MKTP.KD.ZG,3.083247861,-3.12239443,5.523740015,2.892240172,4.247639994,2.776300137,1.224329778,1.452710152,1.17328004,1.483879788,..
Haiti,HTI,GDP per capita (current US$),NY.GDP.PCAP.CD,672.0369979,665.6274195,744.2174268,769.749381,815.8200152,831.8739489,815.7282844,735.3017703,765.7272943,868.3420247,..
Honduras,HND,GDP growth (annual %),NY.GDP.MKTP.KD.ZG,-2.43162788,3.731140344,3.835690662,4.128687749,2.791559757,3.058080562,3.840079971,3.892972197,4.788026945,3.745584746,..
Honduras,HND,GDP per capita (current US$),NY.GDP.PCAP.CD,1789.706651,1904.346465,2088.3153,2144.342611,2102.593166,2206.051934,2302.201379,2342.584651,2449.964691,2500.113213,..
"Hong Kong SAR, China",HKG,GDP growth (annual %),NY.GDP.MKTP.KD.ZG,-2.459075001,6.76759015,4.814695863,1.700285359,3.101558647,2.762396425,2.387770814,2.176398369,3.84949281,3.002475556,..
"Hong Kong SAR, China",HKG,GDP per capita (current US$),NY.GDP.PCAP.CD,30697.34038,32549.99823,35142.48793,36730.8767,38403.77771,40315.28556,42431.88828,43734.24999,46225.78187,48675.61646,..
Hungary,HUN,GDP growth (annual %),NY.GDP.MKTP.KD.ZG,-6.699554727,0.664291825,1.819079958,-1.471788851,1.962984049,4.195082409,3.845557706,2.199998761,4.322809001,5.094002564,..
Hungary,HUN,GDP per capita (current US$),NY.GDP.PCAP.CD,13046.48101,13113.52596,14150.96673,12918.24752,13687.2461,14246.1098,12651.56834,12992.37567,14457.60876,16161.98051,..
Iceland,ISL,GDP growth (annual %),NY.GDP.MKTP.KD.ZG,-6.777215052,-3.435878078,1.881619487,1.296436091,4.133851101,2.080287196,4.467860506,7.351475308,4.603781375,4.61147603,..
Iceland,ISL,GDP per capita (current US$),NY.GDP.PCAP.CD,41333.41987,43024.92384,47516.87574,45910.0209,49522.23697,54242.05468,52428.59576,61757.94931,71314.7742,73191.11632,..
India,IND,GDP growth (annual %),NY.GDP.MKTP.KD.ZG,7.861888833,8.497584702,5.241344743,5.456358951,6.386106401,7.410227605,7.996253786,8.169526505,7.167888861,6.811369326,..
India,IND,GDP per capita (current US$),NY.GDP.PCAP.CD,1101.96084,1357.563719,1458.103527,1443.879529,1449.605912,1573.881492,1605.605431,1729.268021,1981.268706,2009.978857,..
Indonesia,IDN,GDP growth (annual %),NY.GDP.MKTP.KD.ZG,4.628871183,6.223854181,6.169784208,6.030050653,5.557263689,5.006668426,4.8763223,5.033069183,5.067406366,5.171270328,..
Indonesia,IDN,GDP per capita (current US$),NY.GDP.PCAP.CD,2261.247224,3122.362815,3643.043936,3694.348946,3623.911582,3491.624791,3331.695128,3562.845756,3836.913814,3893.596078,..
"Iran, Islamic Rep.",IRN,GDP growth (annual %),NY.GDP.MKTP.KD.ZG,1.007385458,5.797938302,2.645717918,-7.44455703,-0.194073471,4.60341888,-1.32064512,13.39624446,3.755187367,..,..
"Iran, Islamic Rep.",IRN,GDP per capita (current US$),NY.GDP.PCAP.CD,5677.888522,6603.212269,7818.057232,7927.647542,6111.440608,5608.602512,4916.085938,5265.906635,5627.749268,..,..
Iraq,IRQ,GDP growth (annual %),NY.GDP.MKTP.KD.ZG,3.379299094,6.402564845,7.5464712,13.93643017,7.6,0.7,2.477664617,15.21246273,-2.494642939,-0.562745503,..
Iraq,IRQ,GDP per capita (current US$),NY.GDP.PCAP.CD,3853.940935,4657.280426,6045.495551,6836.027313,7076.554608,6818.804621,4989.803075,4776.726499,5205.288255,5834.166211,..
Ireland,IRL,GDP growth (annual %),NY.GDP.MKTP.KD.ZG,-5.079212673,1.809979744,0.343440795,0.225714843,1.351634004,8.556687985,25.16253305,3.677815811,8.145296156,8.169870933,..
Ireland,IRL,GDP per capita (current US$),NY.GDP.PCAP.CD,52105.15248,48715.17686,51848.90973,48917.89756,51590.18845,55492.98268,61995.42278,63197.08237,69649.88274,78806.432,..
Isle of Man,IMN,GDP growth (annual %),NY.GDP.MKTP.KD.ZG,2.099999803,3.399999672,2.00000146,3.199999724,4.499999713,5.000000801,-0.900000388,7.399999657,3.6,..,..
Isle of Man,IMN,GDP per capita (current US$),NY.GDP.PCAP.CD,65031.33187,69766.52119,77351.95888,76104.68137,80431.6728,88974.22865,81606.28003,79155.54167,80989.17221,..,..
Israel,ISR,GDP growth (annual %),NY.GDP.MKTP.KD.ZG,0.924262605,5.601137671,4.783497489,2.257237548,4.148054552,3.75820019,2.290092123,3.982046375,3.536703188,3.453702518,..
Israel,ISR,GDP per capita (current US$),NY.GDP.PCAP.CD,27715.63681,30693.59308,33669.24647,32511.23785,36309.46883,37678.88977,35776.79517,37321.62404,40541.86209,41715.02928,..
Italy,ITA,GDP growth (annual %),NY.GDP.MKTP.KD.ZG,-5.280937208,1.713295839,0.707333347,-2.980905768,-1.841065451,-0.004547542,0.778304351,1.279671128,1.716167381,0.774340013,..
Italy,ITA,GDP per capita (current US$),NY.GDP.PCAP.CD,37079.75867,36000.52012,38599.06221,35053.52624,35549.9747,35518.41529,30230.2263,30936.12544,32326.84175,34483.204,..
Jamaica,JAM,GDP growth (annual %),NY.GDP.MKTP.KD.ZG,-4.336650187,-1.466059299,1.730376267,-0.61363604,0.501560583,0.691478109,0.92268214,1.375638727,1.003365318,1.940878147,..
Jamaica,JAM,GDP per capita (current US$),NY.GDP.PCAP.CD,4316.231053,4704.054455,5111.471413,5209.851931,4989.171391,4833.790318,4907.50372,4843.338474,5069.183838,5354.236859,..
Japan,JPN,GDP growth (annual %),NY.GDP.MKTP.KD.ZG,-5.416412797,4.191739259,-0.11542134,1.495089586,2.000267841,0.374719476,1.222921041,0.609093181,1.928757251,0.788455876,..
Japan,JPN,GDP per capita (current US$),NY.GDP.PCAP.CD,40855.17564,44507.67639,48167.99727,48603.47665,40454.44746,38109.41211,34524.46986,38794.33094,38331.9794,39289.95843,..
Jordan,JOR,GDP growth (annual %),NY.GDP.MKTP.KD.ZG,5.476580856,2.311392415,2.586784416,2.651170748,2.82876664,3.096330347,2.391695959,2.003733625,2.115732889,1.940292205,..
Jordan,JOR,GDP per capita (current US$),NY.GDP.PCAP.CD,3504.00246,3690.113268,3816.279258,3877.339345,3998.027473,4072.765475,4105.448961,4103.7336,4162.820687,4241.788782,..
Kazakhstan,KAZ,GDP growth (annual %),NY.GDP.MKTP.KD.ZG,1.199999999,7.3,7.400000001,4.8,5.999999999,4.200000001,1.2,1.1,4.1,4.1,..
Kazakhstan,KAZ,GDP per capita (current US$),NY.GDP.PCAP.CD,7165.223175,9070.488253,11634.0019,12386.7,13890.63177,12807.26069,10510.77189,7714.841844,9247.581331,9812.601137,..
Kenya,KEN,GDP growth (annual %),NY.GDP.MKTP.KD.ZG,3.306939815,8.405699224,6.10826372,4.563209131,5.878680567,5.357125644,5.718507131,5.8789493,4.862538223,6.319781364,..
Kenya,KEN,GDP per capita (current US$),NY.GDP.PCAP.CD,905.1317861,951.6879611,971.633329,1136.871406,1210.388014,1315.804535,1336.883349,1410.527571,1568.201541,1710.510097,..
Kiribati,KIR,GDP growth (annual %),NY.GDP.MKTP.KD.ZG,0.802751509,-0.923884657,1.594561102,4.713319136,4.214773912,-0.697828087,10.40540793,5.129750525,0.328439777,2.001036031,..
Kiribati,KIR,GDP per capita (current US$),NY.GDP.PCAP.CD,1311.999002,1516.811869,1735.018358,1788.505421,1715.765331,1642.762597,1542.57525,1584.807446,1625.57597,1625.2861,..
"Korea, Dem. People’s Rep.",PRK,GDP growth (annual %),NY.GDP.MKTP.KD.ZG,..,..,..,..,..,..,..,..,..,..,..
"Korea, Dem. People’s Rep.",PRK,GDP per capita (current US$),NY.GDP.PCAP.CD,..,..,..,..,..,..,..,..,..,..,..
"Korea, Rep.",KOR,GDP growth (annual %),NY.GDP.MKTP.KD.ZG,0.707509946,6.496793586,3.681688569,2.292397846,2.896204935,3.341447761,2.790236167,2.929304795,3.062768462,2.668311402,..
"Korea, Rep.",KOR,GDP per capita (current US$),NY.GDP.PCAP.CD,18291.9196,22086.95292,24079.78852,24358.78218,25890.01867,27811.36638,27105.07623,27608.24743,29742.83886,31362.75147,..
Kosovo,XKX,GDP growth (annual %),NY.GDP.MKTP.KD.ZG,3.597140955,3.308633011,4.377008308,2.809625684,3.441469102,1.222802578,4.095280929,4.070291964,4.226087389,3.813313541,..
Kosovo,XKX,GDP per capita (current US$),NY.GDP.PCAP.CD,3209.71146,3283.483451,3736.700833,3600.575965,3876.970676,4054.71697,3574.24112,3697.129595,3948.05267,4302.276483,..
Kuwait,KWT,GDP growth (annual %),NY.GDP.MKTP.KD.ZG,-7.076056431,-2.37055926,9.628436082,6.626388081,1.149038847,0.501132662,0.592763704,2.926121132,-4.712340346,1.246015947,..
Kuwait,KWT,GDP per capita (current US$),NY.GDP.PCAP.CD,37561.67267,38577.38166,48618.88229,51978.99848,49388.20939,44062.4003,29869.52939,27653.1644,29759.53245,33994.40657,..
Kyrgyz Republic,KGZ,GDP growth (annual %),NY.GDP.MKTP.KD.ZG,2.8862947,-0.471566848,5.956274377,-0.2,10.9,4,3.9,4.3,4.7,3.5,..
Kyrgyz Republic,KGZ,GDP per capita (current US$),NY.GDP.PCAP.CD,871.2243893,880.0377751,1123.883168,1177.974735,1282.437162,1279.769783,1121.082835,1120.666513,1242.769643,1281.363661,..
Lao PDR,LAO,GDP growth (annual %),NY.GDP.MKTP.KD.ZG,7.501774913,8.526905517,8.038652681,8.026098434,8.026300226,7.611963441,7.270065843,7.022836255,6.892530873,6.247960008,..
Lao PDR,LAO,GDP per capita (current US$),NY.GDP.PCAP.CD,948.6539323,1140.599205,1378.361365,1581.395403,1825.665113,1998.335215,2134.711796,2308.800482,2423.846203,2542.486528,..
Latvia,LVA,GDP growth (annual %),NY.GDP.MKTP.KD.ZG,-14.23814673,-4.473441198,6.285118615,4.13423165,2.328004263,1.915190378,3.260524381,1.773809577,3.787313758,4.62077695,..
Latvia,LVA,GDP per capita (current US$),NY.GDP.PCAP.CD,12257.21657,11344.69337,13713.85531,13847.78511,15043.11756,15740.32675,13698.93795,14153.41492,15548.08231,17860.6172,..
Lebanon,LBN,GDP growth (annual %),NY.GDP.MKTP.KD.ZG,10.05447737,8.037249354,0.917698798,2.720151566,2.619160879,1.884285662,0.415030765,1.6055246,0.551994777,0.199990636,..
Lebanon,LBN,GDP per capita (current US$),NY.GDP.PCAP.CD,7371.100639,7756.744069,7703.389472,7985.854941,7923.851717,7712.062848,7649.832611,7634.946544,7838.343385,8269.787676,..
Lesotho,LSO,GDP growth (annual %),NY.GDP.MKTP.KD.ZG,2.154308341,6.42963961,6.630032868,5.899918124,2.155721303,2.817289494,2.71747593,3.218553361,-2.277240349,1.134188171,..
Lesotho,LSO,GDP per capita (current US$),NY.GDP.PCAP.CD,890.9963833,1199.951766,1393.386362,1328.813074,1249.183496,1276.413,1112.081441,1115.336075,1226.61263,1299.153126,..
Liberia,LBR,GDP growth (annual %),NY.GDP.MKTP.KD.ZG,5.300539377,6.099827602,8.20076584,7.993815693,8.704028066,0.701143912,0,-1.599584075,2.468626095,1.222551313,..
Liberia,LBR,GDP per capita (current US$),NY.GDP.PCAP.CD,470.9476196,513.4456986,596.8970811,657.9362563,721.9300554,721.1827948,710.3838577,714.6233922,698.7017644,677.3221785,..
Libya,LBY,GDP growth (annual %),NY.GDP.MKTP.KD.ZG,-0.790141832,5.021289739,-62.07591958,123.1395552,-13.59999997,-24.00000003,-8.862039363,-2.79546889,26.67587012,7.949736798,..
Libya,LBY,GDP per capita (current US$),NY.GDP.PCAP.CD,10275.26656,12064.78069,5554.179164,13025.28139,10363.78949,6466.91027,4337.919139,4035.194316,5756.42314,7241.704481,..
Liechtenstein,LIE,GDP growth (annual %),NY.GDP.MKTP.KD.ZG,-1.157481822,..,..,..,..,..,..,..,..,..,..
Liechtenstein,LIE,GDP per capita (current US$),NY.GDP.PCAP.CD,126082.4926,141200.38,158156.5998,149010.2249,173058.3174,178845.631,167290.94,165028.245,..,..,..
Lithuania,LTU,GDP growth (annual %),NY.GDP.MKTP.KD.ZG,-14.81416316,1.482232441,6.025638091,3.833302764,3.558424631,3.507971217,2.033148074,2.555939567,4.247576754,3.644756532,..
Lithuania,LTU,GDP per capita (current US$),NY.GDP.PCAP.CD,11837.39103,11953.93844,14338.64351,14333.94934,15705.16399,16534.48198,14249.11497,14999.47964,16840.93857,19153.40899,..
Luxembourg,LUX,GDP growth (annual %),NY.GDP.MKTP.KD.ZG,-4.358606952,4.864968492,2.539234883,-0.352519229,3.654370259,4.29678635,4.306432538,4.574600283,1.801181703,3.110836266,..
Luxembourg,LUX,GDP per capita (current US$),NY.GDP.PCAP.CD,103198.6693,104965.3061,115761.5077,106749.0136,113625.1329,118823.6484,101376.4966,104278.391,107361.3069,116639.888,..
"Macao SAR, China",MAC,GDP growth (annual %),NY.GDP.MKTP.KD.ZG,1.32131501,25.26350562,21.67270765,9.237314193,11.20009044,-1.201089674,-21.59453159,-0.718343471,9.887584069,5.442542619,..
"Macao SAR, China",MAC,GDP per capita (current US$),NY.GDP.PCAP.CD,40796.96183,52253.15531,66644.38534,76291.84749,89287.45402,93777.1068,75340.98698,74061.08603,81516.67492,87208.53591,..
Madagascar,MDG,GDP growth (annual %),NY.GDP.MKTP.KD.ZG,-3.978708613,0.619239746,1.578427051,3.011148115,2.300376232,3.339203113,3.132298073,3.993146064,3.933307595,4.564792315,..
Madagascar,MDG,GDP per capita (current US$),NY.GDP.PCAP.CD,467.5397379,471.9592116,531.2655054,518.1528127,541.0660851,530.8612639,467.2352774,475.9553656,515.292739,527.501285,..
Malawi,MWI,GDP growth (annual %),NY.GDP.MKTP.KD.ZG,8.328110276,6.874065635,4.854055109,1.885799507,5.199999998,5.700000004,2.799999999,2.484040626,4.000030517,3.5,..
Malawi,MWI,GDP per capita (current US$),NY.GDP.PCAP.CD,438.2120429,478.6685897,534.9512647,391.5618324,348.4302696,371.2697496,380.5970331,315.7773264,356.7175732,389.3980332,..
Malaysia,MYS,GDP growth (annual %),NY.GDP.MKTP.KD.ZG,-1.513528719,7.424847386,5.29391284,5.473454192,4.69372252,6.00672195,5.091515721,4.449755765,5.741829576,4.74160645,..
Malaysia,MYS,GDP per capita (current US$),NY.GDP.PCAP.CD,7292.494447,9040.566251,10399.37275,10817.44287,10970.12328,11319.07976,9955.242127,9817.740861,10254.23402,11373.233,..
Maldives,MDV,GDP growth (annual %),NY.GDP.MKTP.KD.ZG,-7.228841465,7.265129068,8.566733531,2.517383942,7.281073979,7.329626203,2.88454853,6.338300636,6.803666022,6.888817196,..
Maldives,MDV,GDP per capita (current US$),NY.GDP.PCAP.CD,6636.412416,7076.662423,7291.42764,7265.613656,7928.457365,8499.365762,9033.390413,9209.288625,9540.634349,10330.61561,..
Mali,MLI,GDP growth (annual %),NY.GDP.MKTP.KD.ZG,4.6790657,5.413452222,3.240252913,-0.836178866,2.303584809,7.043356204,5.962581591,5.799999995,5.400000103,4.899995745,..
Mali,MLI,GDP per capita (current US$),NY.GDP.PCAP.CD,698.2183825,709.5819646,836.5098094,778.6694625,805.2596685,847.1503863,751.1705935,779.874933,828.5119764,899.6599081,..
Malta,MLT,GDP growth (annual %),NY.GDP.MKTP.KD.ZG,-2.462277722,3.542683214,1.307152749,2.79120546,4.610879115,8.706315221,10.81818001,5.675698854,6.724325981,6.772328111,..
Malta,MLT,GDP per capita (current US$),NY.GDP.PCAP.CD,20675.58259,21107.36443,22845.90489,21926.80837,23838.6144,26012.01531,24077.01082,25151.51962,27283.54473,30098.28331,..
Marshall Islands,MHL,GDP growth (annual %),NY.GDP.MKTP.KD.ZG,1.443806379,7.555390306,-0.75614346,-2.370339048,3.717627874,-0.939965317,1.591288446,1.306665887,4.056644584,3.62475276,..
Marshall Islands,MHL,GDP per capita (current US$),NY.GDP.PCAP.CD,2698.179556,2876.994997,3083.83188,3224.338382,3296.698163,3230.02326,3213.837288,3473.775006,3666.695374,3788.163594,..
Mauritania,MRT,GDP growth (annual %),NY.GDP.MKTP.KD.ZG,-1.042081628,4.773697094,4.704066576,5.795078198,6.090258662,5.579878964,0.43458414,1.843634255,3.073258584,3.554277984,..
Mauritania,MRT,GDP per capita (current US$),NY.GDP.PCAP.CD,1079.233108,1241.428756,1435.635415,1411.35283,1477.361539,1371.58435,1193.400596,1123.888166,1145.547947,1188.834588,..
Mauritius,MUS,GDP growth (annual %),NY.GDP.MKTP.KD.ZG,3.315076989,4.377203239,4.077538074,3.496118338,3.360406103,3.744575773,3.55307173,3.837932629,3.814152115,3.773818913,..
Mauritius,MUS,GDP per capita (current US$),NY.GDP.PCAP.CD,7318.12641,8000.376432,9197.026972,9291.227619,9637.00265,10153.93822,9260.447303,9681.618567,10484.90836,11238.69039,..
Mexico,MEX,GDP growth (annual %),NY.GDP.MKTP.KD.ZG,-5.285744137,5.118118143,3.66300793,3.642322679,1.354091962,2.804340128,3.287991599,2.910546459,2.118082347,2.135958121,..
Mexico,MEX,GDP per capita (current US$),NY.GDP.PCAP.CD,8002.972106,9271.398233,10203.42085,10241.72792,10725.18332,10922.37605,9605.952351,8739.756043,9278.418168,9673.443674,..
"Micronesia, Fed. Sts.",FSM,GDP growth (annual %),NY.GDP.MKTP.KD.ZG,1.093130091,2.259373637,3.188555315,-1.866790542,-3.679786534,-2.305778627,4.621898281,0.900187187,2.682178867,0.211658399,..
"Micronesia, Fed. Sts.",FSM,GDP per capita (current US$),NY.GDP.PCAP.CD,2721.870047,2885.44589,3009.198232,3131.386282,2994.678833,2971.456884,2906.377221,3014.700018,3289.701223,3568.290829,..
Moldova,MDA,GDP growth (annual %),NY.GDP.MKTP.KD.ZG,-6.000000289,7.100000084,5.818166405,-0.589734135,9.043865528,4.999625584,-0.338235296,4.408886743,4.690793428,3.4,..
Moldova,MDA,GDP per capita (current US$),NY.GDP.PCAP.CD,1525.526119,1958.13372,2363.593725,2446.725316,2668.683009,2674.116332,2179.233625,2272.405707,2724.493093,3227.312192,..
Monaco,MCO,GDP growth (annual %),NY.GDP.MKTP.KD.ZG,-11.3,2.1,7,1,9.6,7.2,4.9,3.5,-3.4,6.1,..
Monaco,MCO,GDP per capita (current US$),NY.GDP.PCAP.CD,154762.1994,150585.4489,168785.9408,157515.8991,177593.3519,189170.8957,165937.8653,169915.8048,167101.7594,185741.28,..
Mongolia,MNG,GDP growth (annual %),NY.GDP.MKTP.KD.ZG,-1.268598941,6.365161685,17.29077758,12.31981985,11.64891619,7.885225482,2.379835807,1.168393456,5.337037933,7.225848899,..
Mongolia,MNG,GDP per capita (current US$),NY.GDP.PCAP.CD,1714.360545,2643.292914,3757.558633,4351.88692,4366.075901,4158.525715,3918.579174,3660.150746,3669.41754,4121.732435,..
Montenegro,MNE,GDP growth (annual %),NY.GDP.MKTP.KD.ZG,-5.795092859,2.734341541,3.228450387,-2.723768654,3.549013918,1.783682046,3.390420876,2.949338685,4.716464962,5.077860201,..
Montenegro,MNE,GDP per capita (current US$),NY.GDP.PCAP.CD,6727.10552,6682.281158,7318.74469,6586.721279,7186.431924,7378.345289,6514.272695,7028.936577,7784.06529,8844.236985,..
Morocco,MAR,GDP growth (annual %),NY.GDP.MKTP.KD.ZG,4.243757321,3.815717917,5.245697297,3.009961262,4.5354242,2.669493927,4.536378168,1.05985639,4.234850054,2.99021417,..
Morocco,MAR,GDP per capita (current US$),NY.GDP.PCAP.CD,2866.924199,2839.925168,3046.949136,2912.658275,3121.681176,3171.699192,2875.257985,2897.66344,3036.171062,3237.883368,..
Mozambique,MOZ,GDP growth (annual %),NY.GDP.MKTP.KD.ZG,6.31379491,6.488149646,7.403672678,7.258439253,6.963607135,7.398512797,6.72327878,3.824214319,3.741317593,3.428173661,..
Mozambique,MOZ,GDP per capita (current US$),NY.GDP.PCAP.CD,519.7604047,471.1816926,594.5864667,657.6453378,664.0782118,673.9699555,589.8590281,428.926488,461.4150941,498.9572202,..
Myanmar,MMR,GDP growth (annual %),NY.GDP.MKTP.KD.ZG,10.5500091,9.634439452,5.591482378,7.332670447,8.426001025,7.990915597,6.99284029,5.862472915,6.758628824,6.200051072,..
Myanmar,MMR,GDP per capita (current US$),NY.GDP.PCAP.CD,734.4460067,979.05163,1176.242453,1165.794329,1162.33144,1251.820765,1133.002816,1192.495338,1249.828746,1325.952924,..
Namibia,NAM,GDP growth (annual %),NY.GDP.MKTP.KD.ZG,0.2959709,6.039249546,5.091338198,5.061682013,5.614719701,6.351677961,6.086376114,1.123168844,-0.867877052,-0.546332045,..
Namibia,NAM,GDP per capita (current US$),NY.GDP.PCAP.CD,4265.258745,5324.61704,5753.987148,5930.548473,5694.082634,5624.135341,5032.889762,4786.235303,5646.456008,5931.453886,..
Nauru,NRU,GDP growth (annual %),NY.GDP.MKTP.KD.ZG,8.659698371,13.55082678,11.68452207,10.08655154,34.21498251,36.52409809,2.808191226,10.400004,4.154685104,5.7,..
Nauru,NRU,GDP per capita (current US$),NY.GDP.PCAP.CD,4456.606593,4921.119111,7226.814649,10101.50479,10039.27221,9871.731985,8013.357608,7820.729599,8844.742806,9888.893597,..
Nepal,NPL,GDP growth (annual %),NY.GDP.MKTP.KD.ZG,4.53307872,4.81641465,3.421828241,4.781192258,4.128877676,5.988984661,3.322905439,0.588678499,8.223499488,6.657532668,..
Nepal,NPL,GDP per capita (current US$),NY.GDP.PCAP.CD,478.1731816,592.4010975,699.4293377,698.4664794,715.923743,743.4133813,792.5528906,777.1475955,911.4442665,1033.912431,..
Netherlands,NLD,GDP growth (annual %),NY.GDP.MKTP.KD.ZG,-3.666884025,1.342739444,1.551189252,-1.030354007,-0.130175229,1.42339541,1.959169691,2.191713719,2.910902584,2.597453618,..
Netherlands,NLD,GDP per capita (current US$),NY.GDP.PCAP.CD,52514.02712,50950.03434,54159.34661,50073.00566,52184.06185,52830.17423,45175.23189,46007.85292,48554.99228,53024.05921,..
New Caledonia,NCL,GDP growth (annual %),NY.GDP.MKTP.KD.ZG,..,..,..,..,..,..,..,..,..,..,..
New Caledonia,NCL,GDP per capita (current US$),NY.GDP.PCAP.CD,..,..,..,..,..,..,..,..,..,..,..
New Zealand,NZL,GDP growth (annual %),NY.GDP.MKTP.KD.ZG,-0.213698243,1.539245616,2.334200273,2.225965504,2.575385988,3.715533071,3.584704514,3.645798978,3.128460789,2.773571015,..
New Zealand,NZL,GDP per capita (current US$),NY.GDP.PCAP.CD,28201.23228,33692.01083,38426.55081,39970.44004,42949.14223,44533.78309,38559.54704,40026.8522,42260.12518,41945.33167,..
Nicaragua,NIC,GDP growth (annual %),NY.GDP.MKTP.KD.ZG,-3.292815113,4.410481398,6.316709606,6.496747299,4.926792269,4.784525323,4.792731752,4.563542212,4.6757919,-3.816060103,..
Nicaragua,NIC,GDP per capita (current US$),NY.GDP.PCAP.CD,1444.381084,1503.870423,1655.816933,1760.461485,1811.632521,1934.056966,2049.84969,2107.56718,2168.195206,2028.894755,..
Niger,NER,GDP growth (annual %),NY.GDP.MKTP.KD.ZG,-0.71267743,8.36421953,2.283008487,11.84981918,5.268414897,7.529043068,4.337072369,4.925930933,4.893436692,6.483066704,..
Niger,NER,GDP per capita (current US$),NY.GDP.PCAP.CD,339.1436177,347.3430407,374.4828645,390.1199097,414.3886131,427.737226,360.8533841,362.1311323,375.8694897,413.980305,..
Nigeria,NGA,GDP growth (annual %),NY.GDP.MKTP.KD.ZG,8.036925102,8.005655915,5.307924204,4.230061175,6.671335393,6.309718656,2.652693295,-1.61686895,0.805886619,1.937268069,..
Nigeria,NGA,GDP per capita (current US$),NY.GDP.PCAP.CD,1891.33537,2292.445156,2520.404166,2746.991789,2998.072843,3222.693537,2730.430324,2175.99967,1968.559588,2028.18197,..
North Macedonia,MKD,GDP growth (annual %),NY.GDP.MKTP.KD.ZG,-0.358614857,3.358750858,2.339886045,-0.455922696,2.924726568,3.629641308,3.855610302,2.848441461,0.240521014,2.664591889,..
North Macedonia,MKD,GDP per capita (current US$),NY.GDP.PCAP.CD,4544.008835,4542.899717,5063.786986,4698.141294,5210.67583,5468.480869,4840.273123,5129.15896,5417.642019,6083.718948,..
Northern Mariana Islands,MNP,GDP growth (annual %),NY.GDP.MKTP.KD.ZG,-17.53112033,1.383647799,-7.692307692,0.537634409,2.406417112,3.785900783,3.522012579,28.31105711,25.56818182,-19.60784314,..
Northern Mariana Islands,MNP,GDP per capita (current US$),NY.GDP.PCAP.CD,14669.7913,14804.24673,13571.05828,13827.7697,14274.24065,15278.90787,16690.5701,22246.74308,28305.22259,23258.67586,..
Norway,NOR,GDP growth (annual %),NY.GDP.MKTP.KD.ZG,-1.727020309,0.701833824,0.981469497,2.703073855,1.034072914,1.969544301,1.967128438,1.071558977,2.323258407,1.289548201,..
Norway,NOR,GDP per capita (current US$),NY.GDP.PCAP.CD,79977.69708,87693.79007,100600.5624,101524.1419,102913.4508,97019.18275,74355.51586,70460.56053,75496.75406,81697.24598,..
Oman,OMN,GDP growth (annual %),NY.GDP.MKTP.KD.ZG,6.112453761,4.804711285,-1.108745787,9.332675576,4.372615776,2.751031637,4.741250717,4.980170972,0.266797805,1.764087549,..
Oman,OMN,GDP per capita (current US$),NY.GDP.PCAP.CD,16823.77165,19281.16563,20896.74698,21923.54802,20926.55405,20131.9813,16150.88726,14721.64733,15130.49783,16415.15728,..
Pakistan,PAK,GDP growth (annual %),NY.GDP.MKTP.KD.ZG,2.831658519,1.606688629,2.748405917,3.50703342,4.396456633,4.674707981,4.731147475,5.526735845,5.554276757,5.830241905,..
Pakistan,PAK,GDP per capita (current US$),NY.GDP.PCAP.CD,957.9956808,987.409723,1164.976129,1198.109001,1208.90431,1251.164104,1356.667756,1368.454326,1464.993305,1482.403063,..
Palau,PLW,GDP growth (annual %),NY.GDP.MKTP.KD.ZG,-6.258712711,0.288984328,4.865616251,1.841313621,-1.41418883,4.373413429,10.07512757,0.796679888,-3.517924715,1.705518583,..
Palau,PLW,GDP per capita (current US$),NY.GDP.PCAP.CD,10028.40033,10219.9276,10884.41251,11967.30726,12688.19721,13794.79178,15871.84263,16932.33286,16078.26819,15859.43486,..
Panama,PAN,GDP growth (annual %),NY.GDP.MKTP.KD.ZG,1.242992318,5.827839392,11.31373175,9.778903946,6.903272566,5.066743218,5.732763632,4.966420444,5.321230184,3.677013629,..
Panama,PAN,GDP per capita (current US$),NY.GDP.PCAP.CD,7576.140467,8082.028459,9358.251475,10722.28363,11889.12763,12796.07004,13630.30797,14356.32405,15166.12443,15575.07255,..
Papua New Guinea,PNG,GDP growth (annual %),NY.GDP.MKTP.KD.ZG,6.800421281,10.1284541,1.107543597,4.657119635,3.824946266,13.54377062,9.483548563,4.077773638,3.537838983,-0.820774238,..
Papua New Guinea,PNG,GDP per capita (current US$),NY.GDP.PCAP.CD,1626.312402,1949.352517,2406.909678,2790.67667,2729.891904,2920.783721,2679.345589,2509.631457,2695.251883,2730.274799,..
Paraguay,PRY,GDP growth (annual %),NY.GDP.MKTP.KD.ZG,-0.257971434,11.14373579,4.249111045,-0.538512943,8.417495285,4.860890371,3.080374008,4.31290497,4.958051422,3.676623231,..
Paraguay,PRY,GDP per capita (current US$),NY.GDP.PCAP.CD,3624.571058,4355.934939,5322.96376,5183.082877,5926.832863,6102.943233,5406.703857,5319.410218,5680.580768,5821.814323,..
Peru,PER,GDP growth (annual %),NY.GDP.MKTP.KD.ZG,1.095823659,8.332459107,6.327192402,6.139724706,5.852518211,2.382157372,3.252244772,3.953318715,2.518835442,3.976935718,..
Peru,PER,GDP per capita (current US$),NY.GDP.PCAP.CD,4196.312793,5082.354757,5869.32308,6528.972218,6756.752769,6672.880255,6229.101696,6204.99726,6710.508029,6941.235848,..
Philippines,PHL,GDP growth (annual %),NY.GDP.MKTP.KD.ZG,1.14833222,7.63226478,3.659751601,6.683818881,7.064024264,6.145298786,6.066548905,6.884055037,6.677553566,6.243737742,..
Philippines,PHL,GDP per capita (current US$),NY.GDP.PCAP.CD,1821.523941,2124.05677,2345.327754,2572.629425,2749.386636,2831.316667,2867.15199,2941.21204,2981.934151,3102.713363,..
Poland,POL,GDP growth (annual %),NY.GDP.MKTP.KD.ZG,2.820259759,3.606928261,5.0172352,1.607906645,1.391892321,3.318447537,3.839071339,3.063908116,4.937663245,5.148018484,..
Poland,POL,GDP per capita (current US$),NY.GDP.PCAP.CD,11527.59323,12599.53358,13893.50926,13145.53926,13781.06261,14347.91458,12572.30788,12431.57542,13856.98239,15420.91116,..
Portugal,PRT,GDP growth (annual %),NY.GDP.MKTP.KD.ZG,-3.122079079,1.73762581,-1.696165744,-4.057293817,-0.922644348,0.792191109,1.792046276,2.019485117,3.506345458,2.441266929,..
Portugal,PRT,GDP per capita (current US$),NY.GDP.PCAP.CD,23059.79745,22498.69086,23186.91313,20564.88986,21647.04181,22074.30076,19242.36647,19978.40121,21437.3475,23407.90659,..
Puerto Rico,PRI,GDP growth (annual %),NY.GDP.MKTP.KD.ZG,-1.952425142,-0.413254118,-0.358510628,0.02927511,-0.306826657,-1.190363454,-1.049443651,-1.263002925,-2.65739342,-4.905626153,..
Puerto Rico,PRI,GDP per capita (current US$),NY.GDP.PCAP.CD,25768.72589,26435.74879,27278.88305,27944.73389,28513.16574,28981.45733,29764.05389,30628.75478,31353.43418,31651.34815,..
Qatar,QAT,GDP growth (annual %),NY.GDP.MKTP.KD.ZG,11.95656114,19.59233153,13.37517641,4.687259177,4.410274619,3.978882147,3.657510261,2.131310916,1.579850253,1.493339993,..
Qatar,QAT,GDP per capita (current US$),NY.GDP.PCAP.CD,59094.44494,67403.1603,82409.58033,85076.14793,85050.91097,83858.52838,63039.01655,57163.06099,61264.39648,68793.78444,..
Romania,ROU,GDP growth (annual %),NY.GDP.MKTP.KD.ZG,-5.517394408,-3.90123628,2.007156244,2.077165007,3.514551804,3.4108091,3.871522323,4.800799906,7.111440633,3.953810542,..
Romania,ROU,GDP per capita (current US$),NY.GDP.PCAP.CD,8548.118672,8209.919456,9104.995622,8535.046876,9555.244217,10026.97358,8977.498544,9567.097782,10807.68448,12301.1864,..
Russian Federation,RUS,GDP growth (annual %),NY.GDP.MKTP.KD.ZG,-7.799993913,4.5,4.300029186,3.700057055,1.80000014,0.699973678,-2.307706889,0.329280658,1.630185732,2.254804346,..
Russian Federation,RUS,GDP per capita (current US$),NY.GDP.PCAP.CD,8562.813697,10674.9972,14351.21205,15434.57478,16007.08999,14100.7291,9313.787542,8745.375116,10750.58712,11288.87244,..
Rwanda,RWA,GDP growth (annual %),NY.GDP.MKTP.KD.ZG,6.248238534,7.334655197,7.958358401,8.641557937,4.719830067,6.164100614,8.867939164,5.981332722,6.116655837,8.606705998,..
Rwanda,RWA,GDP per capita (current US$),NY.GDP.PCAP.CD,557.1493973,582.6941191,645.7483207,704.1777125,704.9803025,723.2819733,728.0818794,726.3479745,762.9143746,772.9444599,..
Samoa,WSM,GDP growth (annual %),NY.GDP.MKTP.KD.ZG,-4.8082722,0.479158713,4.173394085,-4.088722796,-0.41884506,0.078245449,4.272189487,8.054157728,1.015561822,-2.168099125,..
Samoa,WSM,GDP per capita (current US$),NY.GDP.PCAP.CD,3168.176706,3566.362435,3933.459314,4022.19907,4037.509208,3937.758796,4073.665929,4109.165137,4258.486292,4183.407935,..
San Marino,SMR,GDP growth (annual %),NY.GDP.MKTP.KD.ZG,-12.82467532,-4.655493482,-9.440104167,-7.54852624,-3.032659409,-0.9,0.6,2.2,1.5,..,..
San Marino,SMR,GDP per capita (current US$),NY.GDP.PCAP.CD,76686.0213,68496.36068,64890.23886,56068.43455,57302.688,54282.8098,45774.58789,46692.35109,48494.55141,..,..
Sao Tome and Principe,STP,GDP growth (annual %),NY.GDP.MKTP.KD.ZG,2.426281345,6.67198532,4.398201685,3.141975852,4.814794386,6.5499331,3.798398936,4.172377734,3.871185947,2.657693757,..
Sao Tome and Principe,STP,GDP per capita (current US$),NY.GDP.PCAP.CD,1067.917334,1094.710636,1263.865523,1340.526507,1577.022329,1782.797756,1595.861423,1710.133948,1811.009633,2001.140902,..
Saudi Arabia,SAU,GDP growth (annual %),NY.GDP.MKTP.KD.ZG,-2.059268194,5.039493675,9.996857794,5.411444902,2.699254721,3.652481701,4.106408869,1.670624757,-0.741502652,2.434110778,..
Saudi Arabia,SAU,GDP per capita (current US$),NY.GDP.PCAP.CD,16113.14249,19262.54768,23745.80161,25243.3587,24844.74437,24463.90316,20627.93278,19879.29753,20803.74257,23338.96346,..
Senegal,SEN,GDP growth (annual %),NY.GDP.MKTP.KD.ZG,2.092527084,3.56274539,1.458388671,5.117394237,2.82210565,6.613074742,6.367263427,6.356396792,7.082922291,6.766293824,..
Senegal,SEN,GDP per capita (current US$),NY.GDP.PCAP.CD,1317.235687,1278.977754,1371.723353,1330.057448,1375.678754,1394.794743,1218.764246,1269.040407,1367.218948,1521.953554,..
Serbia,SRB,GDP growth (annual %),NY.GDP.MKTP.KD.ZG,-2.731753651,0.731043344,2.036275789,-0.681539139,2.892634162,-1.589509134,1.776324024,3.340332014,2.049304766,4.392237239,..
Serbia,SRB,GDP per capita (current US$),NY.GDP.PCAP.CD,6169.114195,5735.422857,6809.159804,6015.945228,6755.073675,6600.056809,5585.117938,5756.381194,6284.192672,7246.731656,..
Seychelles,SYC,GDP growth (annual %),NY.GDP.MKTP.KD.ZG,-1.105245793,5.954962469,7.887279597,1.260828834,6.018076825,4.504785244,4.937385619,4.503032666,4.332388099,3.627351583,..
Seychelles,SYC,GDP per capita (current US$),NY.GDP.PCAP.CD,9706.95606,10804.68447,12189.09516,12006.68296,14765.67398,14700.33434,14745.34146,15077.83902,15683.6565,16433.93529,..
Sierra Leone,SLE,GDP growth (annual %),NY.GDP.MKTP.KD.ZG,3.188051216,5.346466052,6.315045036,15.18176908,20.71576829,4.556772366,-20.59877072,6.055474029,4.211182649,3.446162621,..
Sierra Leone,SLE,GDP per capita (current US$),NY.GDP.PCAP.CD,391.2010053,401.8350014,448.3375255,566.3786569,716.8353047,714.7007124,588.2284527,501.4157129,499.3807078,533.9911843,..
Singapore,SGP,GDP growth (annual %),NY.GDP.MKTP.KD.ZG,0.12100381,14.52564666,6.262267762,4.449315805,4.815045038,3.900573228,2.892499228,2.962327259,3.699781577,3.139464543,..
Singapore,SGP,GDP per capita (current US$),NY.GDP.PCAP.CD,38927.20688,47236.96023,53890.42873,55546.48854,56967.42579,57562.53079,55646.61875,56724.17039,60297.79378,64581.94402,..
Sint Maarten (Dutch part),SXM,GDP growth (annual %),NY.GDP.MKTP.KD.ZG,..,3.199994022,4.600002996,1.39054667,1.306727883,1.580384638,0.50906595,0.43250626,-8.425883953,..,..
Sint Maarten (Dutch part),SXM,GDP per capita (current US$),NY.GDP.PCAP.CD,..,..,..,..,..,..,..,..,..,..,..
Slovak Republic,SVK,GDP growth (annual %),NY.GDP.MKTP.KD.ZG,-5.455532237,5.720844799,2.864442948,1.895810812,0.670844582,2.752434331,4.821918506,2.123463221,3.04072834,4.033703043,..
Slovak Republic,SVK,GDP per capita (current US$),NY.GDP.PCAP.CD,16531.67051,16727.29133,18338.36223,17460.04681,18236.98079,18670.93017,16309.07324,16505.99806,17510.08899,19442.70576,..
Slovenia,SVN,GDP growth (annual %),NY.GDP.MKTP.KD.ZG,-7.54843872,1.343748476,0.861329049,-2.639438729,-1.029283831,2.76815802,2.210081624,3.121699782,4.833382913,4.118217859,..
Slovenia,SVN,GDP per capita (current US$),NY.GDP.PCAP.CD,24694.23056,23509.54339,25095.13263,22643.10025,23496.60231,24214.92207,20881.76677,21622.58068,23442.70428,26123.97387,..
Solomon Islands,SLB,GDP growth (annual %),NY.GDP.MKTP.KD.ZG,-4.738346526,6.809045009,13.19563215,4.555394769,3.017849554,2.250090947,2.542239607,3.2209476,3.693618195,3.85471177,..
Solomon Islands,SLB,GDP per capita (current US$),NY.GDP.PCAP.CD,1160.301648,1290.398786,1722.418121,1913.232013,1977.451405,1996.781184,1914.46793,1986.416229,2059.045427,2137.690695,..
Somalia,SOM,GDP growth (annual %),NY.GDP.MKTP.KD.ZG,..,..,..,..,..,..,..,..,..,..,..
Somalia,SOM,GDP per capita (current US$),NY.GDP.PCAP.CD,..,..,..,..,297.9554718,295.2665004,293.4552357,295.9678516,309.0553548,314.5441657,..
South Africa,ZAF,GDP growth (annual %),NY.GDP.MKTP.KD.ZG,-1.538089334,3.039730814,3.284168142,2.213354808,2.4852005,1.846991604,1.193732801,0.39908793,1.414512626,0.78705557,..
South Africa,ZAF,GDP per capita (current US$),NY.GDP.PCAP.CD,5862.79734,7328.615629,8007.412846,7501.469984,6832.456891,6433.187277,5734.633629,5272.918425,6132.479841,6374.028196,..
South Sudan,SSD,GDP growth (annual %),NY.GDP.MKTP.KD.ZG,5.04164188,5.493416395,-4.640316736,-46.08212237,13.12973114,3.373648282,-10.79336462,..,..,..,..
South Sudan,SSD,GDP per capita (current US$),NY.GDP.PCAP.CD,1337.882084,1535.708185,1516.403915,1179.739828,1779.469336,1322.820238,1119.651332,..,..,..,..
Spain,ESP,GDP growth (annual %),NY.GDP.MKTP.KD.ZG,-3.763231927,0.163010231,-0.814373455,-2.959441302,-1.435394259,1.383907943,3.83517266,3.03130133,2.891768107,2.351008131,..
Spain,ESP,GDP per capita (current US$),NY.GDP.PCAP.CD,32042.47408,30502.71971,31636.44631,28324.42934,29059.54795,29461.55033,25732.01836,26505.62433,28100.85228,30370.89233,..
Sri Lanka,LKA,GDP growth (annual %),NY.GDP.MKTP.KD.ZG,3.538912053,8.015967371,8.404733021,9.144572246,3.39573265,4.960700592,5.007683305,4.486634531,3.419819189,3.209131128,..
Sri Lanka,LKA,GDP per capita (current US$),NY.GDP.PCAP.CD,2090.401826,2799.648876,3200.833829,3350.521876,3610.289363,3819.25353,3843.780672,3886.291502,4104.630983,4102.48135,..
St. Kitts and Nevis,KNA,GDP growth (annual %),NY.GDP.MKTP.KD.ZG,-3.368477723,-2.93665042,1.828435302,-2.228012307,5.383690734,6.284804235,1.033704225,2.826378868,-1.977341942,2.923938817,..
St. Kitts and Nevis,KNA,GDP per capita (current US$),NY.GDP.PCAP.CD,15783.58418,15508.61699,16538.09653,16044.557,16685.02661,18051.89007,18029.32554,18811.94512,19155.43173,19275.41851,..
St. Lucia,LCA,GDP growth (annual %),NY.GDP.MKTP.KD.ZG,-1.454036303,0.303818186,4.139375889,-0.287670619,-1.974466829,1.338849057,0.234248586,3.146332373,2.550017764,0.85713557,..
St. Lucia,LCA,GDP per capita (current US$),NY.GDP.PCAP.CD,7425.026672,8037.472967,8227.394082,8151.992413,8358.905169,8744.291224,9262.256115,9452.055364,10039.67141,10566.04975,..
St. Martin (French part),MAF,GDP growth (annual %),NY.GDP.MKTP.KD.ZG,..,..,..,..,..,..,..,..,..,..,..
St. Martin (French part),MAF,GDP per capita (current US$),NY.GDP.PCAP.CD,..,..,..,..,..,..,..,..,..,..,..
St. Vincent and the Grenadines,VCT,GDP growth (annual %),NY.GDP.MKTP.KD.ZG,-2.099061259,-3.35352589,-0.419351482,1.382420411,1.832791965,1.21403892,1.330275498,1.897440944,1.000357879,2.163128944,..
St. Vincent and the Grenadines,VCT,GDP per capita (current US$),NY.GDP.PCAP.CD,6232.719361,6292.789829,6242.193281,6390.314389,6639.607146,6684.807367,6920.878074,7075.06582,7212.960181,7361.400962,..
Sudan,SDN,GDP growth (annual %),NY.GDP.MKTP.KD.ZG,3.241847572,3.469335093,-1.967728979,0.521559267,4.394711132,2.679411813,4.906045175,4.700000042,4.283071004,-2.320827321,..
Sudan,SDN,GDP per capita (current US$),NY.GDP.PCAP.CD,1238.180845,1489.876911,1672.103295,1882.24677,1943.916458,2163.155898,2486.745659,2398.10188,3015.02443,977.2736357,..
Suriname,SUR,GDP growth (annual %),NY.GDP.MKTP.KD.ZG,3.01369863,5.168825162,5.849367784,2.690350057,2.93344123,0.255503145,-3.411095864,-5.561193424,1.687083602,1.9,..
Suriname,SUR,GDP per capita (current US$),NY.GDP.PCAP.CD,7408.389111,8255.796859,8263.172923,9201.008785,9402.233137,9472.0076,8561.974179,5604.722569,5379.119415,6234.044922,..
Sweden,SWE,GDP growth (annual %),NY.GDP.MKTP.KD.ZG,-4.236420514,6.189029435,3.052323529,-0.630974367,1.0878312,2.747287716,4.420799639,2.413038141,2.411851453,2.225238612,..
Sweden,SWE,GDP per capita (current US$),NY.GDP.PCAP.CD,46793.94416,52817.44137,60612.87883,57874.2865,60897.36563,59843.51917,51397.19176,51974.19656,53744.42903,54608.36025,..
Switzerland,CHE,GDP growth (annual %),NY.GDP.MKTP.KD.ZG,-2.222111937,3.002798245,1.69275218,1.006077812,1.852035453,2.449179525,1.333388501,1.722649108,1.799476694,2.750516981,..
Switzerland,CHE,GDP per capita (current US$),NY.GDP.PCAP.CD,69927.44229,74605.77451,88415.61081,83538.21282,85112.4696,86605.51739,82081.60921,80172.1933,80450.04582,82796.54716,..
Syrian Arab Republic,SYR,GDP growth (annual %),NY.GDP.MKTP.KD.ZG,..,..,..,..,..,..,..,..,..,..,..
Syrian Arab Republic,SYR,GDP per capita (current US$),NY.GDP.PCAP.CD,..,..,..,..,..,..,..,..,..,..,..
Tajikistan,TJK,GDP growth (annual %),NY.GDP.MKTP.KD.ZG,3.89282113,6.520680751,7.400640543,7.486175224,7.400081256,6.705968168,6.008287872,6.872963797,7.617492691,7.300000287,..
Tajikistan,TJK,GDP per capita (current US$),NY.GDP.PCAP.CD,676.1234193,749.552711,847.3821018,969.2964731,1048.227293,1104.171689,929.0958572,802.5180041,806.0415731,826.6215305,..
Tanzania,TZA,GDP growth (annual %),NY.GDP.MKTP.KD.ZG,5.269105248,6.336523427,7.672155435,4.50015356,6.781585601,6.732461868,6.160628774,6.867116196,6.785680114,5.444967632,..
Tanzania,TZA,GDP per capita (current US$),NY.GDP.PCAP.CD,695.2167768,743.4037847,781.4370143,867.8676806,970.4169384,1030.092917,947.9334465,966.4746224,1004.841121,1050.675254,..
Thailand,THA,GDP growth (annual %),NY.GDP.MKTP.KD.ZG,-0.690733346,7.513590658,0.839959472,7.242786605,2.687379919,0.984414064,3.133896962,3.356488872,4.024085781,4.129226103,..
Thailand,THA,GDP per capita (current US$),NY.GDP.PCAP.CD,4213.001541,5076.342992,5492.115427,5860.58061,6168.264895,5951.883702,5840.046948,5978.611454,6578.188865,7273.563207,..
Timor-Leste,TLS,GDP growth (annual %),NY.GDP.MKTP.KD.ZG,-6.041630271,-1.172063132,11.45790791,5.023124781,-11.086221,-25.90717227,20.62560288,0.706713575,-9.153987748,2.813982292,..
Timor-Leste,TLS,GDP per capita (current US$),NY.GDP.PCAP.CD,2978.437312,3656.952163,5095.489022,5879.699804,4888.317126,3441.650608,2585.153916,2053.273796,2000.601161,2035.533908,..
Togo,TGO,GDP growth (annual %),NY.GDP.MKTP.KD.ZG,5.537910972,6.099259161,6.398199052,6.543507031,6.112343078,5.920588571,5.742852749,5.559094984,4.357413915,4.91014754,..
Togo,TGO,GDP per capita (current US$),NY.GDP.PCAP.CD,538.4419516,533.508792,586.3288415,571.8394289,621.2222598,640.1139137,570.6807371,597.0654589,624.5449459,679.2570836,..
Tonga,TON,GDP growth (annual %),NY.GDP.MKTP.KD.ZG,2.290612704,3.585657371,2.785145889,0.890322581,-3.120603658,2.072607261,3.71184687,3.37947375,2.7,0.299994245,..
Tonga,TON,GDP per capita (current US$),NY.GDP.PCAP.CD,3062.533091,3553.220614,4084.624132,4597.742305,4428.566481,4393.940811,4320.63799,3966.15652,4217.476507,4364.015561,..
Trinidad and Tobago,TTO,GDP growth (annual %),NY.GDP.MKTP.KD.ZG,-4.391729247,3.32322471,-0.294354409,1.269964365,2.229074805,-0.912544969,1.823184697,-6.296446956,-2.312115621,-0.245213697,..
Trinidad and Tobago,TTO,GDP per capita (current US$),NY.GDP.PCAP.CD,14514.14172,16683.35538,19034.1492,19157.41704,20143.66445,20270.85937,18289.70434,16176.94737,16238.19319,17129.91309,..
Tunisia,TUN,GDP growth (annual %),NY.GDP.MKTP.KD.ZG,3.043448955,3.510608639,-1.91717768,3.997674002,2.875523842,2.971398345,1.194541753,1.262528588,1.824675328,2.482826838,..
Tunisia,TUN,GDP per capita (current US$),NY.GDP.PCAP.CD,4128.462783,4141.976353,4264.674946,4152.678587,4222.703245,4305.474165,3861.688531,3698.058504,3482.186729,3447.50791,..
Turkey,TUR,GDP growth (annual %),NY.GDP.MKTP.KD.ZG,-4.70446591,8.487372139,11.11349557,4.789940281,8.491309299,5.166690718,6.085886616,3.183831547,7.470866886,2.82677612,..
Turkey,TUR,GDP per capita (current US$),NY.GDP.PCAP.CD,9038.52015,10672.38925,11335.51051,11707.25971,12519.39143,12095.85457,10948.72461,10820.63384,10513.64842,9370.176344,..
Turkmenistan,TKM,GDP growth (annual %),NY.GDP.MKTP.KD.ZG,6.100000115,9.199999988,14.69999993,11.09999996,10.2000001,10.29999997,6.49999991,6.199999966,6.500000047,6.199999941,..
Turkmenistan,TKM,GDP per capita (current US$),NY.GDP.PCAP.CD,4036.455999,4439.200382,5649.952278,6675.185658,7304.287132,7962.239098,6432.680702,6389.548408,6587.090316,6966.635411,..
Turks and Caicos Islands,TCA,GDP growth (annual %),NY.GDP.MKTP.KD.ZG,..,..,..,-2.53,1.36532085,6.70368436,5.941270828,4.399701715,4.275465839,5.282085494,..
Turks and Caicos Islands,TCA,GDP per capita (current US$),NY.GDP.PCAP.CD,22019.65773,21028.40814,21835.08314,21009.88581,21328.97901,23296.33691,24832.59637,25995.17246,25933.60744,27142.2278,..
Tuvalu,TUV,GDP growth (annual %),NY.GDP.MKTP.KD.ZG,-4.432851394,-2.729427912,7.515954206,-3.835748821,4.576823704,1.348012682,9.142893933,3.034723153,4.094017717,2.5,..
Tuvalu,TUV,GDP per capita (current US$),NY.GDP.PCAP.CD,2599.895701,3022.28882,3640.861433,3507.936911,3454.684953,3398.818942,3197.795645,3255.894866,3572.608367,3700.710677,..
Uganda,UGA,GDP growth (annual %),NY.GDP.MKTP.KD.ZG,6.801517348,5.637599803,9.391667749,3.837455606,3.586905826,5.106307324,5.187859863,4.781000291,3.863023757,6.152354913,..
Uganda,UGA,GDP per capita (current US$),NY.GDP.PCAP.CD,578.4230564,622.4988457,602.6846514,668.832462,689.1548142,739.373927,709.0210386,608.7057351,631.5227198,642.7767443,..
Ukraine,UKR,GDP growth (annual %),NY.GDP.MKTP.KD.ZG,-14.75854536,3.834387699,5.465531905,0.238681306,-0.026729649,-6.552618891,-9.772973947,2.440994738,2.466053452,3.335489309,..
Ukraine,UKR,GDP per capita (current US$),NY.GDP.PCAP.CD,2542.997136,2965.142365,3569.757027,3855.42128,4029.715504,3104.658296,2124.662666,2187.731997,2640.675677,3095.173581,..
United Arab Emirates,ARE,GDP growth (annual %),NY.GDP.MKTP.KD.ZG,-5.242921907,1.602809961,6.930271629,4.484626085,5.053345825,4.284303689,5.105936984,3.060964305,0.490860761,1.726349343,..
United Arab Emirates,ARE,GDP per capita (current US$),NY.GDP.PCAP.CD,32024.1816,33893.30351,39194.67662,40976.49971,42412.63028,43751.83889,38663.38381,38141.84676,39811.6347,43004.95336,..
United Kingdom,GBR,GDP growth (annual %),NY.GDP.MKTP.KD.ZG,-4.247821747,1.949521482,1.540147368,1.478923947,2.139485701,2.607475906,2.355524306,1.918155106,1.892077038,1.38567357,..
United Kingdom,GBR,GDP per capita (current US$),NY.GDP.PCAP.CD,38713.13743,39435.8399,42038.50048,42462.71491,43444.56484,47417.63505,44966.10193,41074.16728,40361.41738,42943.90227,..
United States,USA,GDP growth (annual %),NY.GDP.MKTP.KD.ZG,-2.536757066,2.563766559,1.550835506,2.249545852,1.842081071,2.451973035,2.880910466,1.56721517,2.21701033,2.927322728,..
United States,USA,GDP per capita (current US$),NY.GDP.PCAP.CD,47099.98047,48466.82338,49883.11398,51603.49726,53106.90977,55032.958,56803.47243,57904.20196,59927.92983,62794.58565,..
Uruguay,URY,GDP growth (annual %),NY.GDP.MKTP.KD.ZG,4.243494195,7.803409655,5.162133022,3.538178722,4.63753863,3.238791229,0.370741256,1.689798162,2.591338692,1.620083629,..
Uruguay,URY,GDP per capita (current US$),NY.GDP.PCAP.CD,9451.932449,11992.01663,14236.68119,15171.58466,16973.67421,16831.97294,15613.76427,15387.14403,16437.24487,17277.97011,..
Uzbekistan,UZB,GDP growth (annual %),NY.GDP.MKTP.KD.ZG,8.050933328,7.597167961,7.784829533,7.375643784,7.584581465,7.179408857,7.447673769,6.094196403,4.461539733,5.122118113,..
Uzbekistan,UZB,GDP per capita (current US$),NY.GDP.PCAP.CD,1213.265328,1634.312095,1926.292997,2137.025122,2281.410973,2492.336643,2615.025134,2567.799207,1826.566919,1532.371677,..
Vanuatu,VUT,GDP growth (annual %),NY.GDP.MKTP.KD.ZG,3.312815802,1.629081596,1.223225535,1.754749927,1.96914608,2.331006215,0.2,3.5,4.4,3.2,..
Vanuatu,VUT,GDP per capita (current US$),NY.GDP.PCAP.CD,2649.618144,2966.857116,3264.537017,3133.090209,3124.233078,3088.258303,2801.939848,2889.853036,3082.356323,3123.893396,..
"Venezuela, RB",VEN,GDP growth (annual %),NY.GDP.MKTP.KD.ZG,-3.202302657,-1.488791251,4.176425359,5.625956975,1.343094036,-3.894386475,-6.221371027,-17.0403346,-15.67140887,-19.62145259,..
"Venezuela, RB",VEN,GDP per capita (current US$),NY.GDP.PCAP.CD,11765.10018,13825.35809,10955.34991,12985.50533,12456.71245,16054.49051,..,..,..,..,..
Vietnam,VNM,GDP growth (annual %),NY.GDP.MKTP.KD.ZG,5.397897543,6.423238217,6.240302749,5.247367156,5.421882991,5.983654637,6.679288789,6.210811668,6.81224566,7.075788617,..
Vietnam,VNM,GDP per capita (current US$),NY.GDP.PCAP.CD,1217.268555,1317.890706,1525.115988,1735.141276,1886.671896,2030.261955,2085.101484,2192.214539,2365.621666,2566.59695,..
Virgin Islands (U.S.),VIR,GDP growth (annual %),NY.GDP.MKTP.KD.ZG,-6.64149267,0.904116108,-8.158453195,-15.01925546,-5.83081571,-0.866217517,0.194174757,0.904392765,-1.696542894,..,..
Virgin Islands (U.S.),VIR,GDP per capita (current US$),NY.GDP.PCAP.CD,38771.27439,40043.19017,39144.16577,37849.72872,34819.14775,33573.09703,34797.14047,35931.54125,35938.02439,..,..
West Bank and Gaza,PSE,GDP growth (annual %),NY.GDP.MKTP.KD.ZG,8.662535025,8.099089262,12.4136357,6.284235772,2.217422457,-0.181890997,3.428732254,4.708435256,3.14023678,0.905278232,..
West Bank and Gaza,PSE,GDP per capita (current US$),NY.GDP.PCAP.CD,1970.182963,2354.125987,2695.193853,2834.021525,3060.312389,3046.821798,2967.851747,3074.291152,3254.485887,3198.866644,..
"Yemen, Rep.",YEM,GDP growth (annual %),NY.GDP.MKTP.KD.ZG,3.866229516,7.70230704,-12.7148969,2.392990209,4.823519067,-0.188690232,-16.67846313,-13.62145844,-5.942319504,-2.701474865,..
"Yemen, Rep.",YEM,GDP per capita (current US$),NY.GDP.PCAP.CD,1116.084594,1334.784845,1374.621313,1446.53628,1607.152275,1674.002766,1608.744312,1139.870568,963.494721,944.4084994,..
Zambia,ZMB,GDP growth (annual %),NY.GDP.MKTP.KD.ZG,9.220348406,10.29820585,5.564624717,7.597616969,5.059376378,4.695826373,2.91988111,3.757177805,3.403168851,3.794900917,..
Zambia,ZMB,GDP per capita (current US$),NY.GDP.PCAP.CD,1159.907762,1489.45907,1672.94983,1763.094184,1878.903489,1763.056239,1337.796315,1280.578447,1534.865371,1539.900158,..
Zimbabwe,ZWE,GDP growth (annual %),NY.GDP.MKTP.KD.ZG,12.01955993,19.67532314,14.19391296,16.66542877,1.989492762,2.376929327,1.779872703,0.755869251,4.704035348,6.159189798,..
Zimbabwe,ZWE,GDP per capita (current US$),NY.GDP.PCAP.CD,771.5987859,948.3318545,1093.654002,1304.969802,1430.000818,1434.89934,1445.071062,1464.583529,1602.403507,2146.996385,..
Arab World,ARB,GDP growth (annual %),NY.GDP.MKTP.KD.ZG,0.426422635,4.768836619,3.62959887,6.658109668,3.168556916,2.439528417,3.306346262,3.372624384,0.832435499,2.045975654,..
Arab World,ARB,GDP per capita (current US$),NY.GDP.PCAP.CD,5182.72658,5946.258579,6890.105514,7504.532525,7552.72031,7498.938317,6458.870159,6213.785157,6279.467425,6608.806978,..
Caribbean small states,CSS,GDP growth (annual %),NY.GDP.MKTP.KD.ZG,-3.62792622,1.250290775,1.01790352,1.270686755,0.778487477,0.49330215,1.180209608,-1.651455047,-0.193581552,1.261314459,..
Caribbean small states,CSS,GDP per capita (current US$),NY.GDP.PCAP.CD,8398.664735,9074.324391,9743.181869,9994.048759,10114.79342,10174.92119,9920.626521,9368.931394,9515.00724,9991.016149,..
Central Europe and the Baltics,CEB,GDP growth (annual %),NY.GDP.MKTP.KD.ZG,-3.45012363,1.59599612,3.230668304,0.761745531,1.259778578,3.041185839,3.908287794,3.050636943,4.79903515,4.305527225,..
Central Europe and the Baltics,CEB,GDP per capita (current US$),NY.GDP.PCAP.CD,12292.31857,12578.15545,13887.14779,13014.55403,13717.87307,14160.84934,12489.5282,12787.13536,14183.37555,15929.00406,..
Early-demographic dividend,EAR,GDP growth (annual %),NY.GDP.MKTP.KD.ZG,0.631650603,6.168488829,4.966819282,4.235543251,4.298656946,4.006129892,4.195214503,3.961128255,4.095204041,3.517660444,..
Early-demographic dividend,EAR,GDP per capita (current US$),NY.GDP.PCAP.CD,2456.780815,2941.531958,3249.980544,3358.576408,3371.590524,3439.88496,3292.202265,3322.709635,3546.853837,3581.89016,..
East Asia & Pacific,EAS,GDP growth (annual %),NY.GDP.MKTP.KD.ZG,1.375817596,7.051549004,4.611257722,4.689786496,4.75565239,4.141683305,4.141112985,4.057325585,4.591922496,4.197954189,..
East Asia & Pacific,EAS,GDP per capita (current US$),NY.GDP.PCAP.CD,6626.103515,7672.90556,8836.089255,9392.73661,9433.730948,9650.034645,9532.635016,9772.786395,10341.58095,11142.59123,..
East Asia & Pacific (excluding high income),EAP,GDP growth (annual %),NY.GDP.MKTP.KD.ZG,7.694499905,9.776616957,8.468349516,7.508684888,7.201030923,6.759310644,6.509981299,6.375060811,6.471301191,6.294999734,..
East Asia & Pacific (excluding high income),EAP,GDP per capita (current US$),NY.GDP.PCAP.CD,3325.124338,4002.608704,4855.832761,5375.694467,5887.577842,6282.852381,6490.082407,6557.076135,7084.106732,7822.854804,..
East Asia & Pacific (IDA & IBRD countries),TEA,GDP growth (annual %),NY.GDP.MKTP.KD.ZG,7.695165525,9.777122509,8.46886488,7.509363926,7.201447082,6.75958177,6.510313989,6.375400215,6.471667805,6.295084971,..
East Asia & Pacific (IDA & IBRD countries),TEA,GDP per capita (current US$),NY.GDP.PCAP.CD,3360.695454,4045.420544,4907.691481,5432.957745,5950.167955,6349.497909,6558.764269,6626.285849,7158.689209,7905.035148,..
Euro area,EMU,GDP growth (annual %),NY.GDP.MKTP.KD.ZG,-4.501257151,2.133539103,1.686520553,-0.892157629,-0.252894811,1.401016227,2.113835385,1.91021306,2.542169155,1.899849965,..
Euro area,EMU,GDP per capita (current US$),NY.GDP.PCAP.CD,38423.21376,37567.0529,40613.00019,37597.99051,39102.95286,39856.7003,34377.51406,35128.1033,36997.72704,39927.61759,..
Europe & Central Asia,ECS,GDP growth (annual %),NY.GDP.MKTP.KD.ZG,-4.437010049,2.62924107,2.39944435,0.293112991,0.901828663,1.831859075,2.047392529,1.94012948,2.758171485,2.137992757,..
Europe & Central Asia,ECS,GDP per capita (current US$),NY.GDP.PCAP.CD,23118.82635,23587.57456,26093.44077,25049.25744,26054.3811,26279.01045,22530.23561,22355.47156,23543.06802,25107.27442,..
Europe & Central Asia (excluding high income),ECA,GDP growth (annual %),NY.GDP.MKTP.KD.ZG,-5.920861066,5.074638427,6.039694256,3.700003282,4.038719523,2.240814378,0.836003816,1.755043904,4.039172052,2.850265288,..
Europe & Central Asia (excluding high income),ECA,GDP per capita (current US$),NY.GDP.PCAP.CD,6561.730396,7793.110557,9583.724505,10093.8973,10664.29315,9888.566258,7520.248731,7163.361164,7995.387853,8163.517105,..
Europe & Central Asia (IDA & IBRD countries),TEC,GDP growth (annual %),NY.GDP.MKTP.KD.ZG,-4.871824406,4.764966355,5.801178804,3.335318035,3.632127924,2.343168585,1.238421911,1.949088533,4.144555362,3.151379091,..
Europe & Central Asia (IDA & IBRD countries),TEC,GDP per capita (current US$),NY.GDP.PCAP.CD,7071.457766,8267.317905,10001.84023,10384.6834,10957.18123,10299.72557,7983.410324,7650.136934,8530.402972,8822.869232,..
European Union,EUU,GDP growth (annual %),NY.GDP.MKTP.KD.ZG,-4.315447798,2.168118829,1.791123977,-0.422809861,0.264743448,1.738959159,2.352837328,2.039217766,2.597720526,2.01485496,..
European Union,EUU,GDP per capita (current US$),NY.GDP.PCAP.CD,34019.27859,33740.64637,36506.63882,34328.82162,35683.85879,36787.23101,32319.45324,32425.13098,33907.99671,36569.73382,..
Fragile and conflict affected situations,FCS,GDP growth (annual %),NY.GDP.MKTP.KD.ZG,4.626409775,6.594050772,-5.419554529,12.38056154,3.84411474,1.09020852,2.230698387,5.89404481,2.765788317,1.969292791,..
Fragile and conflict affected situations,FCS,GDP per capita (current US$),NY.GDP.PCAP.CD,1299.985114,1511.929264,1608.7592,1820.488043,1858.46172,1824.399198,1606.083038,1538.027434,1673.729008,1633.16564,..
Heavily indebted poor countries (HIPC),HPC,GDP growth (annual %),NY.GDP.MKTP.KD.ZG,4.252004229,5.892584135,4.508236613,5.709899865,5.755457913,5.539202883,4.910489438,4.634420282,5.115397997,4.112241213,..
Heavily indebted poor countries (HIPC),HPC,GDP per capita (current US$),NY.GDP.PCAP.CD,711.0825602,764.1688383,831.0473611,868.8789866,941.4581255,967.6735692,923.9239865,920.7501616,994.8816416,934.6137458,..
High income,HIC,GDP growth (annual %),NY.GDP.MKTP.KD.ZG,-3.319027588,2.962967969,1.858678015,1.281768594,1.439831825,2.026101924,2.330355715,1.713476258,2.302777126,2.237871305,..
High income,HIC,GDP per capita (current US$),NY.GDP.PCAP.CD,37625.04242,39173.97285,42087.38421,41886.56882,42143.58625,42802.02865,40196.17217,40791.78767,42375.59253,44786.57966,..
IBRD only,IBD,GDP growth (annual %),NY.GDP.MKTP.KD.ZG,2.022673624,7.311064043,5.998632349,5.030928457,4.966623995,4.272410225,3.664052718,3.946365494,4.600682981,4.343148102,..
IBRD only,IBD,GDP per capita (current US$),NY.GDP.PCAP.CD,3759.56718,4521.053394,5288.638535,5566.664559,5825.524941,5957.867212,5570.853749,5551.071187,6055.694509,6385.461626,..
IDA & IBRD total,IBT,GDP growth (annual %),NY.GDP.MKTP.KD.ZG,2.229416024,7.239266609,5.903364132,5.009269629,5.029777706,4.364361309,3.698298718,3.893837873,4.575494631,4.342607466,..
IDA & IBRD total,IBT,GDP per capita (current US$),NY.GDP.PCAP.CD,3100.198131,3704.487745,4310.210653,4528.26087,4736.727741,4843.643751,4526.933102,4487.84559,4863.830232,5098.525112,..
IDA blend,IDB,GDP growth (annual %),NY.GDP.MKTP.KD.ZG,5.715231261,6.24374515,5.001464341,4.531784131,5.823245241,5.80065289,3.908531289,1.576898025,2.743046051,3.614215937,..
IDA blend,IDB,GDP per capita (current US$),NY.GDP.PCAP.CD,1348.86715,1552.918372,1756.293534,1889.31544,2004.504298,2125.517049,1973.259134,1787.180316,1733.811442,1787.9152,..
IDA only,IDX,GDP growth (annual %),NY.GDP.MKTP.KD.ZG,4.728011325,6.213921689,4.078048812,4.870697444,6.071253839,5.560261836,4.471622815,4.812169638,5.723644585,5.051563896,..
IDA only,IDX,GDP per capita (current US$),NY.GDP.PCAP.CD,744.2345139,825.6684877,904.8858922,938.6050838,1022.270646,1069.623572,1059.829465,1073.804126,1161.538064,1139.611854,..
IDA total,IDA,GDP growth (annual %),NY.GDP.MKTP.KD.ZG,5.229521167,6.229142001,4.549375883,4.696690034,5.944119971,5.683350213,4.182980825,3.150874608,4.216477039,4.335031194,..
IDA total,IDA,GDP per capita (current US$),NY.GDP.PCAP.CD,950.8014055,1075.109334,1197.907382,1266.828685,1361.22626,1434.59861,1374.65857,1317.267945,1353.803487,1359.233735,..
Late-demographic dividend,LTE,GDP growth (annual %),NY.GDP.MKTP.KD.ZG,2.642390268,7.624152677,6.699825693,5.37784589,5.201307792,4.58948643,3.872168606,3.773265641,4.699006312,4.820545015,..
Late-demographic dividend,LTE,GDP per capita (current US$),NY.GDP.PCAP.CD,5192.485212,6190.863156,7501.875846,7976.832515,8547.300209,8799.706742,8195.348215,8144.666667,8947.298874,9692.652769,..
Latin America & Caribbean,LCN,GDP growth (annual %),NY.GDP.MKTP.KD.ZG,-1.881607344,5.841721969,4.387416982,2.784253925,2.753898198,1.001023158,-0.359275094,-1.462464435,0.690910003,0.499146513,..
Latin America & Caribbean,LCN,GDP per capita (current US$),NY.GDP.PCAP.CD,7389.228131,9059.186046,10185.51792,10177.86064,10317.29322,10407.83658,8862.924726,8571.581037,9407.349371,9044.215879,..
Latin America & Caribbean (excluding high income),LAC,GDP growth (annual %),NY.GDP.MKTP.KD.ZG,-1.920661854,6.011047717,4.407756861,2.697425436,2.73044398,0.964740407,-0.5417236,-1.69127274,0.677350739,0.374039219,..
Latin America & Caribbean (excluding high income),LAC,GDP per capita (current US$),NY.GDP.PCAP.CD,7106.011059,8760.276512,9862.159391,9815.8633,9927.579022,10052.81436,8453.828759,8137.899363,8967.30007,8546.019022,..
Latin America & the Caribbean (IDA & IBRD countries),TLA,GDP growth (annual %),NY.GDP.MKTP.KD.ZG,-1.899899153,6.046729136,4.523372641,2.849670041,2.828033922,1.039305606,-0.41304292,-1.503127684,0.733141366,0.562073763,..
Latin America & the Caribbean (IDA & IBRD countries),TLA,GDP per capita (current US$),NY.GDP.PCAP.CD,7265.363134,8973.967781,10120.10984,10102.47286,10238.40824,10324.93645,8720.698418,8411.835474,9261.255285,8887.511363,..
Least developed countries: UN classification,LDC,GDP growth (annual %),NY.GDP.MKTP.KD.ZG,4.598785728,6.24809114,3.796376433,4.948349843,5.731032862,5.438624258,4.056143118,3.831559064,4.811018953,4.22771438,..
Least developed countries: UN classification,LDC,GDP per capita (current US$),NY.GDP.PCAP.CD,719.6303566,806.0598169,902.200024,945.8915334,1003.382986,1058.998519,1022.645037,1009.429509,1106.69439,1054.451499,..
Low & middle income,LMY,GDP growth (annual %),NY.GDP.MKTP.KD.ZG,2.29802431,7.360503274,5.933655864,5.09848716,5.128041844,4.41915792,3.719082805,3.93682341,4.603499108,4.334394423,..
Low & middle income,LMY,GDP per capita (current US$),NY.GDP.PCAP.CD,2997.34905,3590.259868,4184.492623,4407.990773,4611.702084,4720.228555,4420.068043,4382.430806,4747.967737,4971.148677,..
Low income,LIC,GDP growth (annual %),NY.GDP.MKTP.KD.ZG,5.207420982,6.974108199,3.496053488,3.48086483,6.074974249,5.782704988,2.916764947,3.428058988,4.87873752,4.952342246,..
Low income,LIC,GDP per capita (current US$),NY.GDP.PCAP.CD,601.8036392,642.00285,697.7634557,743.5171196,799.4863156,828.9802747,796.0121695,759.0489077,789.4631302,833.8758761,..
Lower middle income,LMC,GDP growth (annual %),NY.GDP.MKTP.KD.ZG,4.947373807,6.837125713,4.992697672,5.175634041,5.637343764,5.657628575,5.589134508,5.564805219,5.560185889,5.487821069,..
Lower middle income,LMC,GDP per capita (current US$),NY.GDP.PCAP.CD,1377.365179,1662.402271,1849.547885,1911.478144,1966.235969,2040.252266,1996.011491,2049.214373,2187.467875,2217.093928,..
Middle East & North Africa,MEA,GDP growth (annual %),NY.GDP.MKTP.KD.ZG,0.49654191,5.052412772,3.678615983,3.893885992,2.691438089,2.897347558,2.486937469,4.919007702,1.481786538,2.337762668,..
Middle East & North Africa,MEA,GDP per capita (current US$),NY.GDP.PCAP.CD,6267.997628,7174.097701,8332.282431,8895.675056,8668.404594,8540.521641,7387.869347,7274.24572,7417.768211,8042.849465,..
Middle East & North Africa (excluding high income),MNA,GDP growth (annual %),NY.GDP.MKTP.KD.ZG,2.552156128,5.266783609,-0.927726703,2.807976089,1.66709346,2.094613977,0.977211102,7.701688924,2.888166896,..,..
Middle East & North Africa (excluding high income),MNA,GDP per capita (current US$),NY.GDP.PCAP.CD,3659.100461,4158.58263,4630.738985,5011.926365,4624.418247,4470.199396,3961.491058,3938.005953,3823.217947,..,..
Middle East & North Africa (IDA & IBRD countries),TMN,GDP growth (annual %),NY.GDP.MKTP.KD.ZG,2.514080311,5.248076032,-1.01823439,2.781192961,1.662708893,2.112850252,0.958014158,7.725701591,2.886201364,..,..
Middle East & North Africa (IDA & IBRD countries),TMN,GDP per capita (current US$),NY.GDP.PCAP.CD,3678.486273,4179.401246,4653.186582,5037.387603,4642.570598,4486.744823,3972.904452,3947.859117,3829.434226,..,..
Middle income,MIC,GDP growth (annual %),NY.GDP.MKTP.KD.ZG,2.2570045,7.366108274,5.968886326,5.121148154,5.11498342,4.400182551,3.730395861,3.943786349,4.599750891,4.325784387,..
Middle income,MIC,GDP per capita (current US$),NY.GDP.PCAP.CD,3261.235227,3918.124432,4576.629347,4825.98851,5052.916871,5176.980373,4851.927753,4819.779187,5232.162668,5485.469165,..
North America,NAC,GDP growth (annual %),NY.GDP.MKTP.KD.ZG,-2.575785252,2.612908888,1.704176311,2.199215423,1.888626748,2.493015433,2.664205581,1.522581812,2.290582414,2.827113773,..
North America,NAC,GDP per capita (current US$),NY.GDP.PCAP.CD,46483.02509,48373.70037,50110.05567,51703.26734,53052.79008,54618.84662,55476.89671,56340.17651,58434.03088,61117.04837,..
Not classified,INX,GDP growth (annual %),NY.GDP.MKTP.KD.ZG,..,..,..,..,..,..,..,..,..,..,..
Not classified,INX,GDP per capita (current US$),NY.GDP.PCAP.CD,..,..,..,..,..,..,..,..,..,..,..
OECD members,OED,GDP growth (annual %),NY.GDP.MKTP.KD.ZG,-3.467372895,2.91865623,1.817445542,1.261604196,1.47541547,2.036261299,2.418409285,1.743459517,2.470110208,2.250842061,..
OECD members,OED,GDP per capita (current US$),NY.GDP.PCAP.CD,34562.83565,35985.89123,38493.14171,38202.97249,38463.3865,39019.65022,36624.21453,37086.00832,38424.37686,40410.45473,..
Other small states,OSS,GDP growth (annual %),NY.GDP.MKTP.KD.ZG,1.856612071,8.358571157,7.599775438,3.554618652,2.890871595,2.873185539,2.903057327,2.432112355,2.223806401,2.139432142,..
Other small states,OSS,GDP per capita (current US$),NY.GDP.PCAP.CD,11008.29166,12501.50892,15088.44992,15492.81794,15713.4536,15836.84667,12846.16401,12433.07395,13455.36464,14704.83293,..
Pacific island small states,PSS,GDP growth (annual %),NY.GDP.MKTP.KD.ZG,-1.28787054,2.922925904,3.872346736,1.106296557,2.957804848,3.811361768,4.073696748,3.293138371,4.006069062,2.654473872,..
Pacific island small states,PSS,GDP per capita (current US$),NY.GDP.PCAP.CD,2653.128171,2905.777759,3404.274311,3571.847015,3659.243434,3924.987357,3781.79768,3900.403352,4133.25731,4224.52989,..
Post-demographic dividend,PST,GDP growth (annual %),NY.GDP.MKTP.KD.ZG,-3.481274694,2.828632776,1.597082434,1.121479885,1.337298888,1.868999755,2.108656606,1.642459664,2.309646212,2.154738493,..
Post-demographic dividend,PST,GDP per capita (current US$),NY.GDP.PCAP.CD,38060.76143,39513.78524,42315.38014,42090.31654,42319.51777,42989.91367,40497.75629,41202.81701,42740.90182,45126.49778,..
Pre-demographic dividend,PRE,GDP growth (annual %),NY.GDP.MKTP.KD.ZG,5.064370062,6.298283733,4.569072163,5.692376729,5.95055351,4.79880299,3.07824717,3.086084677,1.551410568,1.987983107,..
Pre-demographic dividend,PRE,GDP per capita (current US$),NY.GDP.PCAP.CD,1209.358693,1388.808763,1573.660106,1690.340403,1799.044416,1864.008695,1588.210949,1420.85448,1472.612856,1437.28937,..
Small states,SST,GDP growth (annual %),NY.GDP.MKTP.KD.ZG,0.828169834,7.059822438,6.482440976,3.16784136,2.576162241,2.538375801,2.673653403,1.866758264,1.921826247,2.029842304,..
Small states,SST,GDP per capita (current US$),NY.GDP.PCAP.CD,9956.091339,11220.1501,13312.8395,13688.63075,13896.82204,14031.43692,11742.20155,11343.7814,12165.44428,13213.6131,..
South Asia,SAS,GDP growth (annual %),NY.GDP.MKTP.KD.ZG,7.134107603,7.703500276,5.137576868,5.501985931,6.087552911,6.992602207,7.480329797,7.706942411,6.926835701,6.663291106,..
South Asia,SAS,GDP per capita (current US$),NY.GDP.PCAP.CD,1041.994394,1257.499439,1367.31313,1364.416413,1381.856618,1494.420758,1541.803684,1648.624491,1866.937699,1902.802629,..
South Asia (IDA & IBRD),TSA,GDP growth (annual %),NY.GDP.MKTP.KD.ZG,7.134107603,7.703500276,5.137576868,5.501985931,6.087552911,6.992602207,7.480329797,7.706942411,6.926835701,6.663291106,..
South Asia (IDA & IBRD),TSA,GDP per capita (current US$),NY.GDP.PCAP.CD,1041.994394,1257.499439,1367.31313,1364.416413,1381.856618,1494.420758,1541.803684,1648.624491,1866.937699,1902.802629,..
Sub-Saharan Africa,SSF,GDP growth (annual %),NY.GDP.MKTP.KD.ZG,3.041041724,5.581426061,4.448567999,4.044836331,5.004043623,4.658926564,2.827797848,1.233311923,2.531170144,2.387689382,..
Sub-Saharan Africa,SSF,GDP per capita (current US$),NY.GDP.PCAP.CD,1360.79208,1578.201816,1739.14878,1787.828781,1853.271496,1889.349233,1671.400239,1522.343206,1610.488184,1585.772148,..
Sub-Saharan Africa (excluding high income),SSA,GDP growth (annual %),NY.GDP.MKTP.KD.ZG,3.044091206,5.581162397,4.446132166,4.046876655,5.003320365,4.659037567,2.826280884,1.230901211,2.529799209,2.386729268,..
Sub-Saharan Africa (excluding high income),SSA,GDP per capita (current US$),NY.GDP.PCAP.CD,1359.930505,1577.24878,1738.125697,1786.845832,1852.039633,1888.141105,1670.173033,1521.086783,1609.202762,1584.438234,..
Sub-Saharan Africa (IDA & IBRD countries),TSS,GDP growth (annual %),NY.GDP.MKTP.KD.ZG,3.041041724,5.581426061,4.448567999,4.044836331,5.004043623,4.658926564,2.827797848,1.233311923,2.531170144,2.387689382,..
Sub-Saharan Africa (IDA & IBRD countries),TSS,GDP per capita (current US$),NY.GDP.PCAP.CD,1360.79208,1578.201816,1739.14878,1787.828781,1853.271496,1889.349233,1671.400239,1522.343206,1610.488184,1585.772148,..
Upper middle income,UMC,GDP growth (annual %),NY.GDP.MKTP.KD.ZG,1.519047794,7.516105898,6.243945066,5.105976581,4.969435995,4.047585816,3.201127279,3.471526912,4.314281962,3.966925346,..
Upper middle income,UMC,GDP per capita (current US$),NY.GDP.PCAP.CD,5270.6257,6344.449839,7533.484106,8009.921904,8449.204175,8652.264448,8035.717516,7927.086792,8669.94818,9205.37874,..
World,WLD,GDP growth (annual %),NY.GDP.MKTP.KD.ZG,-1.678927641,4.298923039,3.132980367,2.507633769,2.654362447,2.833184774,2.80594172,2.481500069,3.108815121,2.973650893,..
World,WLD,GDP per capita (current US$),NY.GDP.PCAP.CD,8820.013095,9540.904828,10478.73126,10594.77289,10770.6999,10933.90431,10223.95198,10256.23245,10777.61827,11312.43993,..
